hashed_device_id	common_evening_lat	common_evening_long	common_daytime_lat	common_daytime_long
46f8fcdf9f196b986de6af1f46261364e7512d76	-34.977892505864844	138.5531003769276	-34.954716505864845	138.56574242858085
bf8bdd52c7dfca0332fa83aa2ad048444f027ff6	-34.95092044440479	138.54431938529584	-34.95092044440479	138.54431038529583
ea93e059e046fa09ab15b712d49afd9a40d29c11	-34.9999856094557	138.5604651054752	-34.9945336094557	138.5359991100649
c65dc5893739762099be40bfdb17d0fe2c8e51b8	-34.95354855023582	138.56199199821674	-34.95353855023582	138.5620129982176
1202807a573b282d5db3df26c44356ce85b76615	-35.036150823626365	138.60689388436774	-35.036150823626365	138.60690488436774
4489b6b472494441e16f2be9984305d90805aa6e	-34.85989316427326	138.59103768684787	-34.85989716427326	138.59103268682657
077e9aeeb6f0712ae8ab52234c9010d4516af467	-34.956754539424544	138.54514068092237	-34.956793539424545	138.5451466809051
7903bf8f9f3e6ab1e5040cf0eb2f65ed94678240	-34.96007719470038	138.54889475738284	-34.96007419470038	138.54889575737758
f646d8ba9dfbca67c0631fb57f1dd1130b8fced8	-34.96018252706292	138.5590264654354	-34.96016952706292	138.5590124653976
4a381124fa7fb17ff4077904f11db93f114bc59f	-35.04104902466788	138.54175586130515	-35.04104502466787	138.54174686132959
26f8d40e2e9bb09da6be89619b6bef3903b91020	-34.84198321675861	138.63524597911425	-34.84195621675861	138.6350989790949
ab5d985dd55697d89df592decd7699c88d6c6e2b	-35.17688692076697	138.47865884330062	-35.17250192076697	138.46992184724638
b8e45460f3ee9af7c491c928f79aac25db1d073d	-34.87464201185411	138.66880123191464	-34.874640011854105	138.66880323191123
7a6bbdd8594f0800e8b4c892143ce7397d4796a7	-34.93099041220368	138.54461864317526	-34.93099541220368	138.5446326431538
fb8cf4374e21f0efe31f93e36e50f1447e44fca1	-34.94833383299454	138.55150209491308	-34.94833683299454	138.55145909491202
5d29467cfff9a87ee20bd5c1de1660daa4b95b58	-34.780781071658204	138.69929181301111	-34.780778071658204	138.69929281301341
decb34a20e1ebc7ca3550ddb6444e5d5785aba75	-34.93078431566352	138.61689292885424	-34.930755315663525	138.61662392896173
471c9f4eff4e94c52efcb14a8225bee393b36034	-35.015767839397476	138.5646620130637	-35.01577183939747	138.5646620130634
d34208928b6836099035dfda5b3eaf23a80d0c70	-35.02398514956923	138.5449381760157	-35.02398714956923	138.54494217601604
cbe9c6e453e7c0b75eb0d50d7bac970749054cb2	-34.85687227276669	138.5955899171089	-34.85704327276668	138.59591891641654
a3189b326f0db15938491341f59ecc0440805a55	-34.98463408007565	138.53093453427294	-34.98468208007565	138.53094253425334
260910c89e00a3af06303f4fb5d134e0cffd68dd	-34.95893150830015	138.55947841277967	-34.94264650830015	138.6188014460686
a665ffea4ea0f0f5f5969a2db52c6e0edbaa9466	-34.96252257296032	138.5577201790726	-34.962466572960324	138.55772017935334
fd8d14207be4c82ccf35faff5c26db3d33124cff	-34.96928882893832	138.57017828631325	-34.96931882893831	138.57016028640857
3e570df7b91b5d517a5b6ac7cec7d49ca759b8f0	-34.99283810504801	138.5579649667449	-34.992839105048006	138.5579639667468
d162d4884532eff67c8adf53cb403e737665d995	-34.94621448127036	138.5942273080297	-34.94621048127036	138.5942243080405
3b3ab7c90abbbc3a011041189851f7815ac1ad94	-34.763359752824805	138.65586525438246	-34.76348475282481	138.65592825441615
3f759022ff0c5310dc1d4c4fcf6b9c7ed2461dfe	-34.95780688607974	138.5767629746297	-34.95776888607974	138.57692397452632
2144f81effecafc8f3f071c0c43b41ee859df044	-34.963717241566926	138.5629801070219	-34.96370724156693	138.56298110706294
63684352d50ca1cc8f518540211f3dfd2e60baf6	-34.95657296584623	138.57088164764048	-34.95657296584623	138.57088164764048
5ff3cd02979f4b203243f59253abb0cb7a550cb3	-35.000726776356174	138.59020702048002	-35.00073377635618	138.59021302050473
404d7a8d27feb8b1d8617e51908dcfc29463fcd6	-34.86890107261383	138.66216257457273		
17f6e6aa8eac8909a597708d9cb703dd082b6065	-32.05265929884022	115.8116988689798	-32.052652298840215	115.81170786895012
c0921108fd0f18fddc02bd94d7a0bdbcd0db51f6	-34.89600783121404	138.66433442170285	-34.89597883121404	138.66432442169491
61987a784fe280d39e008c19503ae165ea69ea5d	-35.00337732870106	138.58073449775083	-35.00340832870106	138.58072549758847
e2d5357e365e106a4a9f8fa66945f0da6995ae75	-34.65482202955594	138.671397732585	-34.654814029555936	138.6714017325909
400a511455897642147888c6beda411a20c70b22	-35.02638947737599	138.5675450830875	-35.02639247737599	138.56759408308628
7033280191282dd52a08568d8fe8c85e992913a1	-34.96425137343731	138.51957545130057	-34.93264537343731	138.60377940641547
fbad887288211beb3f29919a78f5508f8c24bde3	-34.919182740102634	138.572942531193	-34.91918474010264	138.57292653120388
05e70b931e1d89434d61122936d8c9aa52103754	-34.859830742251916	138.71516315532017	-34.859841742251916	138.71516315537448
bd813ea7fe472d76bcd86c780cbd634d0b35ebbc	-34.990376819446126	138.5317945695982	-34.95886481944613	138.5716957782546
537b5d9dc663c01671ad21d9c0b217f392ffdb9b	-34.63639898661001	138.65335363059344	-34.83079598661001	138.59997427175654
402281c8a4cd71cc2c0550a3173463fdf6737cf7	-34.99226971847122	138.72053261133146	-34.99228171847122	138.7205446113062
4b50c4c2d08439d299f3683578345c2f820d638c	-34.871769585804834	138.54058853700627	-34.871757585804836	138.54059153699873
e6d6415b63d14d65aa0804f09d112cefcb696ead	-34.97268204446362	138.51229023646283	-34.922870044463615	138.6043742533259
14fcf806a292202fb40e09ae11044d25ad74b5e0	-35.06106406525153	138.61358122618594	-35.06104106525153	138.61359622619716
75288644cea04c7b2ade9babf59255a1ad3c7748	-34.763177559619855	138.65624213961715	-34.76317955961986	138.65623313962482
9d5a1f07cdff131738004b7c97f6c404e8fa1aea	-34.961376513345286	138.55996377086726	-34.98457051334529	138.57064272747164
5be67d5df9c3691b284325fb20be90b042e89b60	-34.955374663741225	138.56972182917715		
2568209ea00e305fa57ad2a073ce97839b8a85d4	-34.89730806323831	138.5356638728894	-34.897296063238315	138.535616872897
8697b6b628132c52649fccf88c04e44e86b09d78	-34.97192393524089	138.58348135055374	-34.97193793524089	138.58349735062012
6179f9c92ab21cc5ea4869dac0dfb90d3faa62fb	-34.880300203565675	138.66620302322156	-34.880365203565674	138.66617802345328
25311825f235cade2c91b3f9a8cb2406c20f0991	-37.82032013612172	140.80708080124575	-37.82032113612173	140.80707780124737
e46e2f7a8300ff5068a0cb19de22e6e050f28bd6	-34.968875909356434	138.56091609459057	-34.968886909356435	138.56091909455822
03bdec3fb9064eaa88b36434df24eabb31d9a93e	-35.03598849900494	138.51730628459418	-35.03598149900493	138.5173222845878
70e607db24c138c541637386708e33a70af0e891	-35.006933392995826	138.51555581986185	-34.916220392995825	138.6259418753819
33b86bd3731592af5b316c1ec85056f46883adc7	-34.998101151411795	138.55509325669746		
a5760969914efbfe3c950d9169921bd0e5a187f6	-34.8183396451021	138.7047788111648	-34.8183336451021	138.70475181118823
fabf30c76e9fe6bd2e5704ff11ca72f75cb18b5b	-34.96699073089649	138.56007587771322	-34.96693873089649	138.5602508776841
35a7b693bcf85a8bbc2d8f555da9a47316f60489	-34.986996056700114	138.52679602290405	-34.987181056700116	138.52682902252445
e0f613aa90beeddfa12d65325f3d453f02ba7cde	-34.887428446456205	138.58166038713077	-34.88743344645621	138.58163638715845
1a16a9235e484b589c3382a0c13fb8a8871a21b6	-34.97801346725896	138.51156052879602	-34.97800146725896	138.5115525287618
0b57cda938926ab0460b423f344ed2f50092c7ce	-34.96094235910997	138.56978973501157	-35.11653435910997	138.49956470658674
0b9ceb0f318c74cc122e197749bcb8a523c64d05	-35.06760402603035	138.6564286914272	-35.067603026030355	138.65642869142889
71c690368685d68a4d7fc4cc6262f9d526b299a6	-34.891475694365155	138.58620673317705	-34.921160694365156	138.64117968318234
344ce4ee754a976c1d0c169bb491dbf9fe3653bc	-35.128167483006735	138.51276335598178	-34.919537483006735	138.60843128024717
2fa6925faa76e825dd12008ca897299b5fce9fb1	-35.122526142318435	138.51136467194232	-35.122495142318435	138.51135867196186
0946f6f174ac0ed793dce99dfc9144b90a66fa85	-34.97871358975889	138.6234776010339	-34.97872458975889	138.62348960099138
4b056193236d88b614984028af0f2c8762fd38be	-34.953222990094424	138.55048105693425	-34.95320099009442	138.5504760570405
b15f6302c0cc585a0d0b0509be0339df574bd1ea	-35.05632033500748	138.81160453777778	-35.05633933500748	138.8116045378263
57512ea9f1fde368153492fce8fbba69f573a3b0			-34.92940545960576	138.60446245283615
bec3529b78f00e7eeb1b40362eb93a53715b6e4d	-34.85377404902942	138.53685467221482		
a4e57b15e2d2e34918aaf19ca5d32c591f09b14d	-34.857976584714116	138.47857374184264	-35.01511258471412	138.5451586838176
cee077d6d537f7fb134d6c4f0ff6f79566670659	-34.98557452235236	138.60606475244208	-34.985350522352356	138.60605175172043
79aab697efbaad0ba46a8ea998fcf8786ee222e5	-34.940244593330654	138.54913162881172	-34.94027159333065	138.54913862880898
c0f2fb182738a0519c59e463b301f060d12da00b	-34.96441257902888	138.5386195911393	-34.96442257902888	138.53863059113706
6ea96d7e46eae2c8caef818524d900b847030558	-34.91908041874878	138.56576212942164	-34.91906641874878	138.56575012939604
0466ba3599bab956ff8f3debcae2adc5d091e51c	-34.983439152102925	138.56603974192828	-34.983445152102924	138.56603874192893
0ccc3c19ab63771f15be5cbc0696052a96baf4e3	-35.09035177242446	138.58239651091728	-35.09035377242446	138.58240951091813
4e0f84faf6cf02beda5fb2b1fb7d6d2a336ea747	-34.97767781170972	138.52776617267048	-34.97770681170972	138.52776617262984
f69b26cc2b7e87bd6f60ec3821f52bce9369539e	-34.96961671111479	138.56253780358767	-35.01433871111479	138.61962393737943
78400ff189824611cff0de665dd4f7aea0733c84	-34.95025613760327	138.58125131557378	-34.95023413760327	138.58125131552055
7832de420a9931ce0a888de9a276fa05a281f16e	-34.95440974327067	138.54590296523267	-34.92754174327067	138.61309792953782
7522bacf9401c992c7d0aa51846206677bed713b	-34.965266944293205	138.57023377219815	-34.88233994429321	138.5772006431399
408778295aa024002bf025504d9c8a68e083c645	-34.878646447806034	138.50493052267038	-34.87864144780603	138.5049405226729
6fbfe1a6aad2040e3e8924b5d2c78050fd7521e7	-34.871786829761575	138.622631374381	-34.87178282976158	138.62263737437328
238fb5ad327a76f6cce4e7f61db9ddb501712a3b	-34.98247586389629	138.55994270526628	-34.982443863896286	138.55992170525272
b027787bce12611d918a0bbc8d7618f224a092f8	-34.95660057010729	138.55675688916892	-34.94038557010729	138.62393986506376
f5eda111c8898c75249c24999f62ea3c2d65e17c	-34.92537520831471	138.5745130184733	-35.00682620831471	138.52206519156047
250a874e545f967193acf4e09aae8686fc00f8a2	-34.969573361860895	138.56389466923568	-34.9695043618609	138.5355216694044
3b4f3559a6d7b28306226c96d767953b458d203c	-34.99836313732222	138.5710375341515	-34.99836513732222	138.57102753414895
d375d8a876f1cc3eb75f01dde20d73710a57b856	-34.96532055562286	138.5567273304502	-34.96532455562286	138.55675433046616
2bb1694f895c83393a90110c756ca42f112bdb4a	-34.95589329941462	138.63606972524974	-34.95591729941462	138.63606672516647
6fce2f5594396851d90c16a041070a23b0d55e89	-34.77093224030529	138.73115039488366	-34.770920240305294	138.73116739489362
a1cc1bd8785ed83351c5960be8307d8e7de4ff19	-35.04106974986162	138.5844442643437	-34.99784574986162	138.56523036567125
a670231cb9a3f14383aeeb0faaf06ac0c01a2eec	-34.85606349421442	138.62341806492665	-34.85606349421442	138.62341406492664
a3b1f4b06466ad43d954744b45f4197bc76c501b	-35.10229445248757	138.56148689549164	-35.11039145248757	138.49941193084913
b367df5fec91d78011c0c99a1e1d01591beb2000	-34.92815199961088	138.5912423009759	-34.928153999610885	138.59124330098123
a1cc8cd5bb59d03f714b42cded2c452aff8811cf	-34.95896020117966	138.56019839325612	-34.92250520117965	138.59954438908142
86e19e9666b917931c4c47fe890eb46f0e5f6f62	-34.970384980425564	138.54493464571124		
a698a624a233eae70e7767cd7b75f95cd6c8aff1	-34.982828230432666	138.54734982247777	-34.98274223043266	138.54734482250316
a79fbf300e61a99daa0db9101dafe89fa1b6f35d	-35.04516104727135	138.533395240471	-35.00388104727135	138.52018415957878
1c1c64c85f78e966cf452e82a9eb1d7348d9dc28	-34.99041407028367	138.55187499875052	-34.99042707028367	138.55189699880054
258f0cdcbe556cb2dfc0a3b3d3b56aa6e5248a4a	-34.98484059476556	138.52417992893132	-34.98484959476556	138.5242009289345
d2331b5e159c1637910f0aa299925b5aedf19e75	-35.134742942607865	138.5362663551301	-34.92308294260786	138.60054335856125
b85459ce1bd410288a70529a288d8ea04fb6df52	-35.05369022223251	138.6077106962412	-35.053686222232514	138.60771369624976
98f217c79f3b5834c231e22d28674070f054c8ac	-34.959434690755096	138.56644325777566	-34.9594256907551	138.566484257774
7357bad55e817f0332070d82f3e147db1b2ef32d	-34.94892093751711	138.57056815680707	-34.94893693751711	138.57059015684516
5f1f9a36313f58a5759884cbe184318697f3b1d0	-34.9589162532927	138.64091442281148	-34.9228652532927	138.60271143581105
084444d395c72c111dc81d12dde4662f63db8f12	-34.962291982593506	138.55092771790592	-34.9623049825935	138.55093471795442
63ad4c0af3c245305ae17c742b4ed501bb004e86	-34.94003596890054	138.5490295440035	-34.939997968900535	138.54904754406442
be0366c02de32acef593c4040965e64b990bcaad	-35.019423697967056	138.61552712490672	-34.999859697967054	138.56034602515294
777e2929ac6cac007c38727f1910186097dc2221	-35.02148327442159	138.5184735204902	-35.02148327442159	138.51845852049019
d9034ee1f29565fd1483383d058863c70ca0dcb3	-34.96408257523421	138.60562750928645	-34.96407457523421	138.60563550924041
6b601dd0084e9bb8d36c688cf3ad1e6ad9136ae8	-34.96460423856332	138.57710224350862	-34.96458423856332	138.57711024352272
6820e31ae627c8c32a054c74f14eefcb12c7a300	-34.93624356019706	138.54917343115963	-34.93627256019707	138.5491774311877
0714f9b8ca3390439d89d7cb6903e29d5d6ac87e	-34.90467858713451	138.5186161138987	-34.90471058713452	138.5186311139124
61c39eeb890a3c692798e088837525037e1a8ca0	-34.95398791706426	138.59909826766372	-34.95396391706426	138.59910826769527
159b4e12ebb356ccb0e1b739ef79e0ea0fca37e5	-35.0815051472639	138.553211021911	-35.0815071472639	138.55320902191983
5b4f5cbe02f2275f83d0dd07f23b910c9c004f83	-34.98732354974835	138.5252731454112	-34.987291549748356	138.5252701455687
b0beeea80da5f458cdc92263aec2b0b55d090c5b	-34.6092196706079	138.51793815868226	-34.7342536706079	138.59809013777345
ad83d13321e53208ac3c80288d6cb5d0ad8d66da	-34.92415402723519	138.63488229899818	-34.93487102723519	138.60043324717375
1b29b337b0ce9a0d32e25c89bc5a5cd7e9fcc6ec	-34.97645850978158	138.5319068622391	-34.97645750978158	138.53190686223593
8de6f969eae3b560bceb39d96b0e5ef841999de1	-34.96071619139447	138.56746750541862	-34.96070819139447	138.56746650542422
430c0988ad3b382090b53999ec313aad85e6ca4b	-34.95751598103328	138.56686848420864	-34.95753298103328	138.5668784842276
545fe4f3ac207fde596c4a81340374b7fa11029b	-34.860586797848015	138.48469863185596	-34.860558797848014	138.48469663193814
3b2c5df0375ccfbffd4fe4e5c6c2c29322e8d42a	-34.75013849879377	138.61482325829851	-34.75014849879377	138.61482825824905
06f2c927141979e70a576aff5fa8e9ef8696de65	-34.87229766107033	138.6433937197459	-34.67420366107033	138.70215366766882
bb98ceee5d9946761d8b4dd15cd55cbb3ecf381e	-34.975659397239546	138.59352986129124		
f344179cdd588d7c963388f0d9fafde4c55337b1	-34.83028182503108	138.6117451183766	-34.93954482503108	138.51307029282563
ce0b098c8022d93d12cbc5bfa8c81d8a177d9a87	-34.69303360128778	138.71196525481392	-34.69302160128778	138.71197325473517
bd435d0a40b795606865b23db3fcd54b310f5ab1	-34.97353115308575	138.53281646146934	-34.97325615308576	138.53235646257576
c081e188ec9dadc96446603b6a8ad77a53b8f27f			-34.957829686851284	138.56613879135767
e45e17b4378e32b498761d0cad2a43db7a249619	-35.00273812053029	138.5417036014584	-35.00276412053029	138.54169160153805
5e9f31061cb754cb33229c5a44a6d06caecd0f22	-35.024236212116726	138.54488336094127	-35.02424121211673	138.54489936093898
d6a190dbe5bddc5d305d60ce7415765b11570c21	-34.68486425434962	138.70005608391506	-34.827784254349616	138.70554381727933
654fd1dcab2eb721aa0e26fa183e502eab8ea387	-34.96609124621622	138.52953204576752	-34.96609824621623	138.5295090458097
16b2a477f15953b8fbb378c8b8f841141f67733b	-34.961029048057696	138.5593804702128	-34.96105004805769	138.55938447016678
276ab48ba6b73891c49d8e68e89f1e08cf6a713f	-34.866780935417644	138.7031290857232	-34.84683393541764	138.55978418680363
85f8fc3c4fe35d49b88ac89404d4a9d7f9073109	-34.81845948645593	138.70517838242768	-34.81845048645593	138.70517838241628
591e0dbe5d82fd9b8755e28c46bf66c59c696b53	-35.13762147428792	138.54301350378057	-35.137611474287915	138.5430175038062
46f08ed6ce4395729b7e82a2775ec7f2fef58f5a	-34.98364638880421	138.54025647393047	-34.98368538880421	138.5402994739588
13ab1867733f60773c78bee08670d6c544d745bf	-35.13688143685696	138.4734449093167	-35.13687543685696	138.47343190932284
eae759e40c79066a98132349e2fdb8f53a259ddf	-34.910140959435985	138.54933027768115	-34.910140959435985	138.54932227768114
e1b4c4241bb20c760b0cc459ff3aef6f9e26ef6d	-34.7054614234713	138.6842587419579	-34.706261423471304	138.68420874298042
9c1516c21fc30b4ece6e4a3dc794d106b091c0dc	-34.95138414216357	138.5677920313449	-34.951304142163565	138.56777803121895
32d50f7beb090d1501d3b39a5e8cd671b1c77c75	-34.82473801270158	138.6812587399445	-34.82474301270158	138.68126173995282
e1a325e9618d5bc882515cf5d312a62a3df5d53b	-34.95447303381416	138.57044403389048	-34.95446403381416	138.57045003389518
8c44a9004b6d22679d9df3a1aaf522aa03603a96	-34.95230416706037	138.5798095539273	-34.880130167060365	138.49701298059117
34d0ab102f566cc6150ebffd3f541b02d7ec8b83	-34.9773092459262	138.5682066088886	-34.9773002459262	138.56814960889196
c5dab9ce12f3eea5193e3be9b2b983c8b47fe676	-31.945298455182336	141.46772962932928	-31.944035455182334	141.47494063046145
a5f7e4ad6149f0cca33a9fd6f2e14f80a6731f38	-35.082562688146446	138.5084390782718	-35.08254268814645	138.50842807838038
f8d47168ff3ed81d3757d7fa3d529de571247a29	-34.891421526947894	138.58528078433153	-34.9217865269479	138.59797697510407
8591bd88eb089e8f864316ead73144611ed3e6d6	-35.01351226026683	138.5389788680158	-34.992524260266826	138.57142791883481
0be5214ea33e39ed05153af89f9cfd7dec3aee9b	-34.98118802633532	138.56000077190527	-34.98119102633532	138.55999377190315
0ab9aae1d5aac9a8510f8737017fedc23573ab9e	-34.95022722345505	138.58103527765056	-34.950217223455056	138.58101827764636
0b2077e3ee921a28fdc0e7215c64b5ee3e03e924	-34.96882434885784	138.53867931740615	-34.969084348857834	138.53838431743256
ee329346e6a9574587c82ebf2251be893f6fc894	-34.95188876627364	138.55665351265992	-34.951862766273635	138.55664551258397
aeaba1ae0b801cdd39d88351ae84862596ee3554	-34.99686992300569	138.51347121331833	-34.99686292300569	138.51346621330117
c54733e31eb3f6839878629d8cf214b2bb859acb	-34.889984888866415	138.5831916702088	-34.889981888866416	138.58318267021397
900b0b3ac06d81247c5ed0b365d2c4b0ea6d6128	-34.93800699202706	138.56430262557498	-34.93801799202706	138.56430062557962
e1aec9acb25c2475faa8111d3c0c1d1f1061f256	-34.963919975471285	138.61663832857968	-34.94555197547128	138.58124927562446
b2ff601e855055a7654ccbaef4b758a29a53c749	-34.986225685501154	138.5292995020268	-34.986225685501154	138.52930050202679
80dd5e15bbeb43ba44ddd96a968eabad8270e834	-34.89183461847744	138.50156538138583	-34.89183661847744	138.5015773813906
389c0cc9ffb57ca52d1af3409fc285010496b90f	-35.000335423293855	138.62128897459817	-35.00011142329385	138.62151797500067
6dd86ae531c4c470827a02cb80b10af4fe44e675	-34.95230797310473	138.55970023475862		
707037e50e9cc72bb885fd2ecb8b89bfdcb3993a	-34.9585518665709	138.56228061578167	-34.9585488665709	138.5622796157943
8ba5283eee07c632aa8c8e9a5997af1ff2e5d093	-34.81983534168184	138.62475458613906	-34.81983434168183	138.62475658613926
2b0f6ba0ec276a659c82aea47c155f8696d551df	-35.00705195712022	138.58452861928842	-35.00703595712022	138.5845316193026
12483ccc53ccb1e94482a8ee727ec581f657effd	-34.950105496337706	138.72980341647357	-34.950105496337706	138.72980641647356
927d450bb3a8e064b709b2581c60d4fee5e94efc	-34.95565920883519	138.5707417579422	-34.95566120883519	138.57074975794856
46dba1919795ea148f779a0aa8d687d2940484e3	-34.97629677912245	138.60193912981836	-34.97612777912245	138.60196613034427
0becc276848d405cf653f2714b1e1ccf325ee64c	-34.826884883439135	138.67093013330324	-34.820501883439135	138.67456411864688
71a9895dc326525ebbe9379e0e9ce05b5b44acac	-34.863187332044106	138.64097362885227	-34.863182332044104	138.6409736288467
a3aa2cac58d709e87b72ec7c9b285c17aefb142c	-35.01594426450122	138.5399354011996	-35.01594726450122	138.5399444011997
2cb340ec3164eab38058bd46953d7639dda85001	-34.70244699893817	138.70771481239183	-34.70244699893817	138.70771781239185
5784cd8247ec48a9b16baad218b19f69e286d67f	-34.93111730606958	138.61671671740248	-34.93114030606958	138.6167137174105
faee44c550d0d2e7bf21f7b1921494e6be592f82	-33.03150800592698	137.58045013668033	-33.03609300592698	137.57425813096344
82834b6f7f3a09c1a0768f718b36898abe921799	-34.95761076417812	138.61419838535835	-34.91242676417812	138.60072921277572
22ae4d0a18f6eb112a06d399954deb5e1eedb33b	-34.98079128067919	138.5211546622203	-34.98088328067919	138.52129966200872
a7b18d72f868860882342aa4f34778e776a67c4b	-34.964849285170445	138.5700742764236	-34.96487228517044	138.57005827639279
601f06625130af0dabcba9c1f378af20d543b0dc	-34.963089658631944	138.5688554757247	-34.96309265863195	138.5688864757254
f64747b3050219f8d3c238c1b57ad0cc233d5fa7	-35.068676669524365	138.60359152696884	-34.92635966952436	138.62194892047927
e10f37ec4111c05970f6a4c4130e786d1ad0ccb3	-34.703203920697	138.6714788483765	-34.703206920697	138.67150484837626
92187b4e2a90be2f12559ea73281dbc9eded7dbc	-35.094893392072194	138.54837723653657	-35.09488239207219	138.5483882365356
e1a5ae23df98e8254ed0b04354ec167d8f42d4a0			-34.99655902172962	138.5821651636352
156aea757c3fc36fc642a849620560a3b8a02a34	-35.01426989477041	138.57424062442473	-35.014273894770405	138.57424462443586
6d148a54c5314b56bcb7fc650b39346c939ff674	-34.97174351724701	138.63349182428547	-34.97175751724701	138.63347682428287
243ec9ef59c1b31b697dd78efe1aa38049e58927	-34.855917667315865	138.59757872588585	-34.855894667315866	138.597513725818
aa5658c11647cf1920da0628e3acad1396ddefd2	-34.89013831946086	138.670007209883	-34.89011831946086	138.6700212099796
01ec12de5dd7d227f288c2b3ac36c1ea667d6706	-35.130229987237385	138.49094600844077	-35.13025698723738	138.49095600845075
ddb9448b720350ac3a9a1a8e285f7681a0ae5264	-34.983282529725024	138.52787017724322	-34.98328952972502	138.5278531772446
c5f4d4bc7ae3d5646d3224e6cc136d9a1aee83f4	-34.74011388098406	138.67918136139377	-34.740134880984066	138.67918336139996
8985b59a223e3ed9f89bd631b1d706898ae6032f	-34.88539460292031	138.6100525727107	-34.885406602920305	138.61006257276586
387c0e258d8eb90ca7f86594ca63b162c3d35236	-35.07063131507675	138.52310507788013	-35.11354031507675	138.5302761395003
2f84caaccb667eb7cc8d21e29d426f9e6e7826b5	-34.93974973545619	138.56448312298582	-34.927148735456186	138.60178016106104
a199e40ac09579776dc205956b8c0f5af02eaa46	-34.90275061723746	138.5656654937411	-34.948351617237456	138.57109853626406
df6a35ee40020fc64f0ce6280e98e25ed348ab44	-35.05853285181279	138.5913210872942	-35.058765851812794	138.59158408779956
66dd7589837b9e889f49e17e516b9303d8cd4b20	-35.00672330050965	138.54527856610503	-35.00671830050965	138.54529356610527
d88b7216d626adc57b9ae1c01abab18478250875	-34.984440404232686	138.54365640769578	-34.984336404232685	138.5436734078261
18b5fda15469c10416f406cdc8d311eac56ea788	-34.95928925578803	138.63705742271372	-34.95926925578803	138.63709042277316
49b7c75a502c649782e12dcfc74c40fe3dee5613	-34.87756554208964	138.53353829699418	-34.87757454208964	138.53353929703263
27136c890569da8f79bef16bfe586d2b6f494114	-34.86440318671023	138.55312219393997	-34.864390186710224	138.55312419397518
a737565a92e3dd7d1459962e0debd81b418b3760	-34.904148227029786	138.69116393147434	-34.904098227029785	138.69094793136966
20c300724d7f4ba6f20579f39339c8849be9e37e	-34.96668750393328	138.5659416133239	-34.96670150393328	138.5659386133235
206e802391727390a74f92fd8948c4c40107a28d	-34.96459223367216	138.61839928932542	-34.96458223367216	138.61839028933454
ff7b449c61617a146e974963ea2208afc864d713	-34.84198658199759	138.6349960436428	-34.84189858199759	138.63489904396994
f5822704ff6f3b31620343b19c901c5fad42177b	-34.97170862341815	138.5930962883364	-34.971707623418155	138.59309728833503
6663cf184b8eceef643a14d62f3a7ebd84774719	-34.98730877379971	138.51158673085814	-34.98732477379971	138.51158873090714
aa991c2ec42e020923ee76e254060ecf667875ca	-34.954296520625924	138.56126833588192	-35.02549152062593	138.5715705945977
2a3a81dad93f383d647b651b5c2c4f34b934d103	-34.93057735114818	138.61244407617934	-34.91733735114818	138.62252904664265
e9ec0264aff3a5ee38f92c8ae216d3b002661c7b	-34.846568906746576	138.70890773118705	-34.84656590674658	138.70888873119273
3a5090c940f840817d61b3f3aacf51adcbd1a529	-35.064968707651374	138.51289691792806	-34.97530270765137	138.53797723695732
29f9a8ea04e311e2becc171c7f174d4a87b0d66e	-34.800603292058256	138.65755786326693	-34.80060229205826	138.6575598632611
6c03cba7cf69763aea9dc22d4ff22f43dad8917c	-34.688706541293286	138.67689122862186	-34.68872554129329	138.67688022861228
9bb7720d5eadbadb6a9498e2c26a06b4a8400905	-35.01132750463951	138.55178059552895	-35.01132150463951	138.55176559553252
eb0512f39f80944b217096937b79e53521bcfb03	-34.97707941500322	138.5216730963194	-34.977153415003215	138.52175609631226
44c085636ffc0d3d758a9bdb173cf52a9c783298	-34.84471655488913	138.70241791886227	-34.84471055488913	138.7024109188692
ac8dffe8cbf149a2ccc896c535bc45b885e2a68c	-34.921263326236016	138.54264065998373	-34.921258326236014	138.54263365998025
8d2600483399b2eca314b46b02a55cf36f92da26	-34.88646151210895	138.51585393532588	-34.96069351210895	138.5736858918263
cda7bec8dc0fc96f06bea8e9d4738c60ab0fc63f	-35.07822319201657	138.6075358760835	-35.07822319201657	138.6075408760835
f76052e22594e7689c15ff7451e6aaf059bc4ef3	-34.93489162968213	138.66473195672953	-34.92267862968213	138.60838303011815
526cdd5e33aa0caa2ffdfa181943e0bc831ad173	-35.0100374280777	138.5362044090886	-35.010034428077695	138.53624040908886
0539848bde66ded7c7acc8b45979684c54948fc9	-34.960152734478235	138.57912318151185	-34.960144734478234	138.57915118150902
5ed9b86290a969991619ee8d9b9f4b08db2ff600	-34.96474016327422	138.56807401156487	-34.96472316327422	138.56810601156425
4d28c54e7fdada2123b0d38815c16b111b17a608	-34.89182424424129	138.54699201021828	-34.89181024424129	138.54699201019542
8cc9e9afdd9d77e5cb6cb8c3a292de0749609431	-34.80277011859323	138.6147194353566	-34.80274711859323	138.61473843539554
c63b5de3633b3339694c7e81d38628f5f2e5dada	-35.05415562693295	138.61888811773153	-35.05400362693295	138.61895411781322
400d539e5013657f621a45bc871bbaebf244a4c8	-34.95299940733897	138.5686560924454	-34.95299940733897	138.5686560924454
a981c3b7349f508c648e053253370951c730e719	-35.0846741821526	138.52782913295368	-35.08465618215259	138.52781613288593
f8918f28a4dc83a013d9bc5a286bcb1f926ba0b9	-34.97127401728105	138.55163728511965	-34.97127901728105	138.55165028513017
970f62df24405b821d93b054ec665fbda3c91cba	-34.963013874174116	138.56087851760353	-34.92773287417412	138.59834953415861
dc1f147e46ea6e62636ab4d9fcd478c44cdf43b6	-34.960138461446036	138.56716284567005	-34.96012246144603	138.56715084566872
c5ce18717aa8f9c65609754bb52d9c4fefef62d5	-34.8758732373973	138.59022552911657	-34.935313237397295	138.57389749112136
d1e0d1b75e9b8e87289ea79a2a3cd4eb07a636ac	-34.865486938441684	138.669820938085	-34.87195493844168	138.54007693383235
b006c3bdfb78722282e969071d8b8863bafcdebf	-34.950993264148366	138.54386647995085	-34.95098826414837	138.54386747995093
7ee68050b43a1e299bd5631b6427871898e5a0b2	-34.92506327148361	138.6235284051709	-34.925062271483604	138.62352540516736
67ee28ad52e14070cab73967f4680ea56a50a4b1	-34.95964901966583	138.53507143421268	-34.95965201966583	138.53506443421279
8b96bceb2a64ad22f4981d60f97d9031fa441a8d	-35.04459156639819	138.53932926852025	-35.04459156639819	138.53934526852024
8ba86cbc8f0355320c68e3578f325b3e79084c27	-34.94417357175892	138.57481367532625		
a1c76967fc59cf91df606bbf903d76fc86534f00	-35.01275652233228	138.54786372518558	-35.012752522332285	138.5478567251772
38e7ff42aa2f26a3a45c3b6bb8940d1d054fe87f	-34.95863227528765	138.56467453244375	-34.96013227528765	138.5538405251502
ceeba0ff6b6af294b0abfe79784222a918768a1f	-34.91594670474987	138.68011770997788	-34.915945704749866	138.68011970997796
82a43fbdf6dd4db6b39bb58fafe75c40d58f75be	-34.947898638461986	138.5736941025466	-34.94398063846199	138.60723110349738
a824e210f60a8f59a78dcc68fe48ffd66ec5349e	-34.997437143933006	138.51792138298921	-34.99742814393301	138.5179253829566
1945e7cfa5577ee1b0dbafde0ec087b0c723520f	-34.98586782739342	138.5862495753734	-34.985868827393425	138.586251575368
4e47f031d50bdc82433b9d7ca41d8cfe1e764aaf	-34.75115642148242	138.5917913531532	-34.751163421482424	138.59178035315284
17d92b3fd207dc6ef82dc2cbd040ecf1441b7e9a	-34.96468416714706	138.5372464179068	-34.96468716714706	138.53724541790888
9dfc773b623c366fec5ea86391d383815994947a	-34.99597546357317	138.53775383273236	-34.995973463573165	138.53776483273225
acfb95c5285ea0999430412979c8e3339ca02599	-34.95353874434249	138.5732236352811	-34.972330744342486	138.57332155790098
08509a5b28c6021689248b161b09bb31e35b3f10	-34.96291235753197	138.55562794073228	-34.96291535753197	138.5556259407289
8e58e880f5b7113dd6d29c29996391a527f324b8	-34.95484963358545	138.5679372055676	-34.95485663358544	138.5679422055583
8976505ec35b2267083cf7f22f68d0e0106bf589			-34.95154024833723	138.57062550316195
ab5e9b2b5c816a1a191cdd39b078d4693efa9563	-35.016050813110695	138.54909572773894	-35.01604981311069	138.5490967277434
6ce0acee944faf1d1ea319bb058f5d388fa8559b	-34.955965817292245	138.57042826404694	-34.95595881729225	138.5704282640167
eff634bf0e3d61a7c3a7dc1f772ebd80d452c665	-34.875085980920815	138.57521106939222	-34.875071980920815	138.57522006938146
61a0c9b3c102f460aceafe4f6cd85f58ba964ccf	-34.747504222098925	138.6051413667844	-34.74748522209892	138.60515336668863
c22a808840ff180da957e82e1144ee898cba3cb2	-34.97243372536536	138.52247618294498	-34.97241672536536	138.52245818295657
e6c1502e0dad8e24c88a9496df73f676b560198b			-34.9672706132635	138.5725356895158
bdf5ebf9a8e048847a6a5f8559cd130f37f61517	-34.97776021173747	138.55108565684762	-34.97756021173747	138.55124865678982
29f361de272f3ec589ae83e11a0ecc24f2acfb2e	-34.96466241319982	138.5514406524907	-34.95268441319982	138.55930161571257
dc28188232ea1627a7a981972e4ad5eb359a5c5b			-34.95128384687529	138.54374494743917
e5f770c97efc35151781a0bc6c0a9381e2d6c249	-34.97622397940136	138.53632305813792	-34.976235979401366	138.5363170581394
c6b1fe881a7e4de6e44eea0c280f43a12818c282	-34.4549144860172	138.35054751567688	-34.45491548601721	138.350546515677
dbeccc699ddf0f33ce0fb0855e6439a9f8a7de9d	-34.88396245299532	138.66168383530436	-34.80024945299532	138.64139801235225
de24f8c678515c57cd4b1bd8c877afcff3f5a23c	-23.709989820292275	133.87124074544104	-23.709987820292277	133.8712377454376
bacef8d937c0de22862df574a327d1f94b8dbe61	-34.98271373696531	138.55998335028468	-34.99242773696531	138.5714573604128
096185bcd9c4be96e677e1b315f21d45018fe139	-34.9546614464838	138.56960148218616	-34.954659446483795	138.56959948219094
abdd05a4647563c25558061ab16ad09dab9d7a16	-34.956829683242695	138.55854456180012	-34.9568626832427	138.5585235618253
5ad6c68dc41557cc7488e716662e279ab7f16100	-35.06981237943258	138.5189819665327	-34.92314637943257	138.57390663891576
ff407e0838372ee08b7b71a217c02b60dbb7709e	-34.98411652256927	138.55836395624996	-34.98409552256928	138.55835595619408
5dd671623f7437c2de104ce1c74706bd5a8ba017	-34.995518597277865	138.56844414801876	-34.995571597277866	138.56824714815744
2ad1850d29d3462e286a39b7a5a881ae80c2655d	-35.07141666918023	138.52019509484458	-35.07116866918023	138.5201170962847
1f18758add731ab419e42decb9cd61846714256b	-34.96666200677905	138.59471080999987		
df3e414d52fa3620cd1d880afbe46ae094000f24	-34.785457205560384	138.6590108653973	-34.785445205560386	138.6589938653841
65c7583751e54458ecdc54d60db901802c5715c1	-35.02177581644041	138.54859146194403	-35.021776816440415	138.5485914619476
ae433a3932f17ad7a486d17b3c4389addd8e47bb	-34.96025404077651	138.56086514898473	-34.96046404077651	138.56090914831884
b6f6d5e2fabb286bd2c8368971418a4708b8840d	-35.180286362430905	138.47988276742365		
f96b18639654d1c1f2ca0b93f8124f1da8a5f96e	-34.96139640576999	138.5600474882682	-34.96139540576999	138.5600474882685
4b8acce9b8d9ac5125ac660da9ec89ca8c672155	-35.13998114033268	138.5383643703729	-34.95489014033268	138.56890358003434
c2253a83bfb72afe946f8d63c481c0f784d191b2	-34.92158456693106	138.5144486348999	-34.921597566931055	138.51445363486312
2aac9abbf7ac7c4419ada26aef893cd3ffac1561	-34.956409860051835	138.54445409787488	-34.933836860051834	138.60444715895707
81a8858dd7059fd19aeee4b59d86e6b20031c641	-34.98443245694361	138.54806480222203	-34.74687445694361	138.66581566238838
15b8cfe07af743dece113704fe52f369e1d66790	-34.930671264683696	138.61704291915333	-34.9306792646837	138.6167959191379
f58595b1a3b72883deeec605909e70c305e5581a	-35.00114211772225	138.57282640985406	-34.98015411772226	138.528891317713
9488d309e144acc1ef0ef6e174eeeaa7473ea4bc	-34.959437407180154	138.56756224753136	-34.95943240718015	138.5675632475508
f079d6a160f43f9fafdb86ebafaa7943bcc468f0	-34.86618908078403	138.61577777231582	-34.907279080784036	138.56561177220192
70489014bc330f17aa600328bb3960a2bae1f042	-34.95567557970083	138.56944180842004	-34.95567057970083	138.56940280842417
dfcbb8b7f9a4254b229c55b466497b02b6575edc	-34.964607269816774	138.56184837268438	-34.964601269816775	138.56183537265872
2c50b99d46a63fcea4d91180f1f12dd2bc8ec75e	-34.856017637094105	138.66309291709334	-34.85603563709411	138.66310691708543
9e82d5225feb553f070d2fa68a1be749a20fa879	-35.050593561399204	138.5751721204756	-34.942886561399206	138.58639112294765
1b6db62fe139fe0453628d6fe730013495a0efa4	-34.94069389192063	138.56335193820746	-34.940782891920634	138.56332993877174
6c50eca4048347880e5dcd7c22a1a6ce5ef4fcc0	-35.010043580520644	138.6108092373945	-34.78010758052064	138.63211308858706
caed0a9648ed0804b0a078779458d70fb9fd7f20	-35.17687556015414	138.47949927096138	-35.44760256015414	138.64284192989268
c464f4271e4943b4ca53057840ebc6d900800496	-34.95967495086328	138.5696946490438	-34.959389950863276	138.58238064840512
4080ff5c0210cd0231141625fbdeceb4e6f9ee34	-35.00366698861914	138.54292252073952	-35.00365498861913	138.5429285207355
9e2804ca903fecbf615e4c67beea072dcd5b7e3f	-35.01033591272609	138.58220922914927	-35.01035891272609	138.58221922918474
699d4618dc60ff1bc5243a93972b0f745ed5a5d9	-34.97874178678516	138.52739218016683	-34.926615786785156	138.60230924680107
dcbaa0889a2fdea2c5075bdb711332293026fab8	-34.94914971053635	138.5713497913661	-34.94893971053635	138.57129479061607
60b6ea045ba572f25b152c43e75f0db504e32b03	-35.07270333317576	138.61308438038228	-35.07269833317576	138.61309938035936
a809a5399299c160040da23165a03b37048de987	-34.97049531482753	138.59357690540799	-34.94276331482753	138.56587892675364
cda7a0b2e6c3842c7d4307f0ff7cd1f94adc5f32	-35.02199938848085	138.52987134033873	-34.92670338848085	138.6027803341289
6bc28d200a117439ed3481d37c7d4287902c93d7	-34.80732997348537	138.61091966779532	-34.807326973485374	138.61092466780858
0f17ccf554c9e34ef293d7b1f480d7d22d661b24	-35.02036248483988	138.52069517841707	-35.02036848483988	138.52070517841892
62e331c4ead84baa2d8ec3827c03a2534c396137	-34.936960520008284	138.55606766099152	-34.936960520008284	138.5560686609915
d812ec0386e9b402495edecb83c669a0304cd65f	-35.049727212286456	138.51435985447443	-35.049736212286454	138.51437485447903
9507e192fdd44dac944700e7642593bef06c493f	-34.9673865337564	138.538421839394	-34.9673755337564	138.5384058394225
82aa59642ec59dc8d0126f1496cfc5d83d481f5f	-34.96023808106903	138.54706321535556	-34.96021908106903	138.5470712153379
4ad5b5434134395dd1499f650025e6af26a71a07	-34.85786663422137	138.67955959889954	-34.85784363422136	138.6795475989321
2c03911ce2e6bdb04f78da2520a0699f3cc229c6	-34.79703236627434	138.71404743231165	-34.79706036627434	138.71403043247548
b724bada2872c7a4887eaa2872607ca2f58adc79	-34.985956251904064	138.56375110640104	-34.985930251904065	138.56374210632035
2cf8ec845a1993bd8f72f5cb3e25f34c59876099	-35.09293579014771	138.86835235903115	-35.09293979014772	138.86834835902627
30faeda59467e29cabbe148a396de0cdb1e27a56	-34.85883176243331	138.52132907216352	-34.85883376243331	138.52134307215937
3800ed2471eb3c293aa510743a0816423d4b510c	-35.25643844159759	138.9045850598249	-35.25644644159758	138.90459305977282
b852f8b60f97cca8388bdf75f2746b9995c14a56	-34.95051921932161	138.58349684960655	-34.95051421932161	138.58349384961085
69fc7cf37e59e4261473b93017de2acfde599f21	-34.93455093824361	138.6078398849005	-34.934577938243606	138.60783188486258
7ca28bd2107aa31c37f43b120dfbaebb2d63f547	-34.9622794043966	138.5737815852105	-34.92805340439659	138.61031669639567
95a36873889fcbb505c15dfd08df9ae49c6e8532	-34.889201916042175	138.56868260353488	-34.88921691604217	138.5686756035533
12ef2e6943946bc97f5ecd4cb8c040345b682b24	-35.01268188641886	138.5605438322429	-35.01266188641886	138.56070683226105
ed3b0c45508315792f1aa7a3bcf30498393cbf93	-34.76231817957874	138.65336356758243	-34.92367317957874	138.59087585716264
5d08d01d3d7d4d6b26e6104e370fd5172d830fc3	-34.97511342593457	138.62084402675796	-34.975219425934576	138.62085002662985
8bd41e2deea2ef32a3f3aadcf578401ef5bcdd06	-34.97190553962372	138.51488710224183	-34.93474353962372	138.61532998751937
bd45a482ce331cc46e21b2024f84a035c832bb90	-34.88906925942987	138.59084111016392	-34.88929725942987	138.5908471095482
9b1d7b52c85256777cd210bc007b395759fa962f	-35.147139257986034	138.53545561676438	-35.14713425798603	138.53543961676405
e337003ac38aa40c2448bf9faf7a72f28166ff81	-37.51563250362737	145.0786144588727	-37.51563250362737	145.0786114588727
d5e1a097cb5d08e2bb0fa3958cd0217ac406aef2	-34.98573672681628	138.5797415587751	-34.92312672681628	138.57701654384067
866e835d916cb405d75541da6d7b883c36e61113	-34.974631032611704	138.54940894216784	-34.746793032611706	138.6660353918591
d6ea0cee7ed9ba7db7fd2a5fd48482f77bfe6606	-34.84173835822852	138.66354677980723	-34.841730358228524	138.66355977982388
fd305cc164d76070f416440fb3a884207a9d9ecf	-34.95598816058439	138.5695494279007	-34.95598816058439	138.5695484279007
6f12268134a7a23a0694128f5d3919bd974381d8	-34.97188877011357	138.56858092246136	-34.97193177011357	138.56855092252016
57b5d19d349d498641ddd32ec375a01bac283aa5	-35.007882593332646	138.53087148941373	-35.00783659333264	138.53102848944664
e7dc1eeb7673dd5ecd412f876ec428f9e4f4710c	-35.72698654069402	137.25875349222352	-35.72579254069402	137.25830948942823
912c421dae84d34a37ad600ae8956cfbaf9105f0			-34.96113424933648	138.57829841351685
8b9719210126621008ade5ab958733f9df7c7e17	-34.94294956436498	138.57874454585746	-34.94295356436498	138.57876754587124
5507150881c1ab85557d98e4960910d569683a10	-34.95776668309987	138.58631908747395	-34.95775268309987	138.58634108747955
1f5fe9d01f974cfa8f1da5807cb26294f616dc1b	-34.87907728509156	138.61935459241886	-34.87909428509156	138.61935159241835
c58e095ccda21ce999403f699ebcd4a30d35aeba	-34.93633672467129	138.67377023520137	-34.936327724671294	138.67376923516437
fad93e761fe1d31066dad7d2cd82490d0b29538e	-34.976950962011706	138.51217771816812	-34.98241796201171	138.58484371928432
b42fe7ba43521f19b08bfd763f45dbb5f9c3efb8	-35.06729134903218	138.52110974300246	-35.067290349032184	138.5211157430086
4e8fc2573b625081266a208575fb8ced21967a8e	-34.9378425494011	138.5020688966748	-34.937851549401095	138.50207689665416
b9154841d3249db571a7a178d9f391e629a6dc89	-34.95216114308154	138.5694075766036	-34.95215914308154	138.56940457660198
c6396df50b37fdd48845570918a15149f7f7276a	-34.94235621730876	138.5785440672734	-34.942372217308765	138.5785680672912
76ee31862d191fd34c0a63b8f21c279f720dfe30	-34.99487762188679	138.59764486468833	-34.994876621886796	138.59763886468963
cc56961e11cd6017cc4a26cd5d9eb8083754a020	-34.958658583229365	138.55990161437643	-34.95864258322936	138.55991761443374
6e7b3327a1dd71d89418000046659c9523d67406	-34.9496109007417	138.59781709003352	-34.949638900741704	138.5979620900373
1611d89c7f92b356b3306b556b8f9588e125b8bc	-34.452944962094485	138.81651136770267	-34.452941962094485	138.8165143676917
a8374e193af006de7eabcae8b716d9c7de96665e	-34.962510159116434	138.57449368535194	-34.96251115911644	138.57449568535023
322f1fce4743ce8bb419027d560215d2c92b8f01	-35.074150321400104	138.60421324019188	-35.07415732140011	138.60438524020358
c54728231da3ae46ef4fe3310886931c70e66e3f	-34.97801487591755	138.55107767519573	-34.977821875917556	138.55110067543686
2d54a76c67e073da2aef05f30d5d1465a70afa2f	-34.981381478993264	138.5323858184397	-34.98139647899326	138.53233881849079
613995d5911b21797e616fec2b7ae40033e73358	-34.84688653684149	138.53782941336013	-34.84687653684149	138.5378244133563
8fc2d105fdd3180d03c16f790017d32de749d917	-34.97127109384813	138.55158331989654	-34.92834109384813	138.6030262521938
a5cc03df60343799c4be066f7c64a3df4ad5d66f	-34.93437751257713	138.60756276674482	-34.93440051257713	138.60756276663736
e91c4f7f162b5c80c935f5053f49a64dd4b53868	-34.927197214469594	138.54896928434218	-34.92719521446959	138.5489742843403
6525dc98ca531e67e257b16856c410ea835c3e5b	-34.96428502915889	138.6300003824988	-34.96428702915889	138.6300083824969
94f5f98405d8d2e5baebf794ab048049e5e101f8	-34.44456599202873	140.60153121433424	-34.44454899202873	140.60154621429822
2c6f09ed67a296dc99df36441e92c76ca6b3a6d6	-34.93471966358136	138.56052337679026	-34.93471766358136	138.5605323767933
6c38d8b4854f1e3edc309f9407514561322419e0	-34.995428784693516	138.56851447210212	-34.99282178469352	138.57363346447437
7f52c97be2331183a393a3501aad79c13bada453	-34.897655373088085	138.6641892604629	-34.897835373088085	138.6642362595102
5ae2f4ab756cb119814633351f7f319884b2f3d4	-35.000337781803005	138.57880100225233	-35.000319781803	138.5788000021714
953011486fd45b11accf1837bb5b21a8cd83308e	-34.83916622180924	138.89992440113582		
28d6cc7f50bf8607dc9466b009d2327b1942134c	-34.99155426320071	138.56459122431048	-35.004158263200715	138.57391029396743
68f1b36872ca8a44ecc7080ed611bd389f747ae6	-34.94203889140146	138.63054247305382	-34.97695989140146	138.51369749030428
213617e0d248d3d053a549870096738ee1886598	-34.88873307309192	138.69712491866753	-34.80076507309192	138.6398488258124
f0198c7ddf10d08ab480c13f9d9cc8072d5d2277	-34.95965606306768	138.56499729420727	-34.95964206306768	138.56501429421712
d7ee987a9dd307d3d75ea98c32d1bd7cb9ce301f	-34.9305323721682	138.67809946818005	-34.930539372168205	138.67809346819558
c36558b914c0e54fc03ff730b721e912141e65a9	-34.98051901350065	138.55946946883475	-34.90336501350065	138.57821557560166
f0c77ab542e606a9a00d21af5c5339ab39b1c86b	-34.98447973719479	138.52726142599116	-34.984481737194784	138.52726342599792
fb1f8ddd048fd8aab2e5fc57c007c6c5568fc48d	-35.10947977931167	138.5445607614808	-35.10946577931167	138.54457176143723
6365fa1bf5ba09b5d1436ab9c9225977d3487851	-34.90740879117197	138.60782097721892	-34.92361879117197	138.5413799325793
c65eb70b9774d0136cc4364645eb5dad4193fc9f	-35.15061091177839	138.523740788031		
ba5d61e3ecb4ccf1dbd33acbe4592dc412a95d21	-23.692967137104507	133.87512839025433	-23.70655813710451	133.85776237738298
86847833738f2a60e95847b17ef092ae891cb9d8	-35.06204623985747	138.52754070226732	-35.062014239857476	138.52752370226352
f1280b81f1a72df18a0d574d143f5d014e8429c0	-34.913026149100766	138.6516759663916	-34.92147014910076	138.64227701546258
a19ca30a77ba4e14fb029f51372b618f3fe7dc52	-34.94841450375043	138.55172174769658	-34.948426503750426	138.55170574772785
7dc5024a4cb6c49fb8287dd64a3092dadac85006	-34.80177164625787	138.7127559069785	-34.785117646257866	138.72499692113354
6bc524305ceeaf263b0d16b401e9ff400acd7c01	-34.927516990151396	138.56302355863806	-34.9428119901514	138.55172160872044
ae99933844e1ac2af16042f4c4fc675bec70c824	-34.90273272549283	138.52217994474177	-34.902737725492834	138.52216194474133
12aef8bdf89c0546dd9f293149a7ee6ebd62cb5a	-34.98246184551478	138.52702597610946	-34.98246684551477	138.52702597610886
66467e1a5a5049f0db91f8771353460bb26dbd9b	-34.87920374298653	138.6196593108009	-34.92886874298653	138.64253035152203
149a89377db0821886992337638f4cbe2e1be9df	-34.971434157948764	138.53973878142244	-34.971420157948764	138.53975978148674
41e30884b4b4c07f332efa373b3fb37d53ebd3a2	-34.959922645003495	138.6092270970768	-34.959913645003496	138.60925209713426
4bbe18154dc9562c538526aa9710b70391c9dd4c	-35.26482183492347	138.48476053643762	-35.264822834923464	138.48475853644055
4dc5d4efb7c04a97b41a738b7ddab4693964cb57	29.398739876787623	120.14476280904687	29.398721876787622	120.14478280904372
63461e81829b2c0ca6fb6037900a8821adf2bcd3	-34.94284445243233	138.5967475225088	-34.942849452432334	138.5967525225104
b4ece7914b6c39b07cfe3f5ddeed9d7cc08cf27a	-34.86519066188177	138.60022573217023	-34.86518666188177	138.60022173216274
5d1ae121bc0dd47be98a7c5dfaacf0616f5a30c4	-34.972427851035235	138.56128881410345	-34.972413851035235	138.5612728140902
208c0cc2974419d174492bc7fda80b15c4c801a1	-34.90394189101105	138.58631830473428	-34.90395489101105	138.58633130468687
2847c884140d768e96f0954c7c3121b4a42839a9	-34.89939544400982	138.65710188628913	-34.899387444009825	138.6570998863203
126a99f833fff60736a70070d77c83a834344af7	-35.066752087965924	138.50802539737458	-35.066757087965925	138.5079903973667
539849075919d5d434f68f42f7607f76c0e20919	-34.62783710912374	138.74094031801917	-34.627839109123734	138.74094431801532
cbda89fee158eed9a84a199e798e8f4c8a7ff619	-34.96266979756677	138.55736993914536	-35.053116797566766	138.55349299992355
127221290a5df759df22d835cfe86eb19f91be3e	-35.00732419550067	138.58461073319097	-34.97088819550068	138.53872873553473
22a6b8c25c8cdba896e49ed213fe387689ec9ae9	-35.1526299158211	138.52960841362756	-35.1526519158211	138.52954941376905
f479926fcbd205527c962a07fc2b677f08fe6d4e	-34.679213686951	138.66344752224964	-34.679211686951	138.6634525222513
443452cfb303c6699f0595e887f6a3bd7c0a3afd	-34.98633211237305	138.58198325801172	-34.98633711237305	138.58199725800196
0745952d395bcddb9132d9b43107584b3688771b	-35.0242751819623	138.53214848915195	-35.0242961819623	138.53217448910456
c0cdd5240aed0f13b32303ada658c4b9b6673682	-34.942969597059516	138.61287377629063	-34.97356259705952	138.59985180794348
db09148e4a9cce7d8802212e532e71c3fedb351a	-34.958807801380296	138.56704762300862	-34.95881780138029	138.56703862303212
6a4122edf38f875d90b995cd35a15ff67becea6d	-34.89689915943559	138.53559984902196	-34.896920159435595	138.53554884899532
575b4900dca0a983a81a43aa86b898481224ea38	-34.95126403314033	138.56905405874306	-34.95128103314033	138.56905105876544
cc9c4df9cf7a144655665fcc55c94e1939a0c273	-34.798972138663146	138.59858817609967	-34.79896913866314	138.59859517611758
efbb0169fe509231f3a9909cac1fffac18f7b3f2	-34.98832180268617	138.59159443933612	-34.988331802686176	138.59160343934118
237aa6790ab929957be0a9dc0f06de121f08e321	-34.95295221937676	138.57674067518855	-34.95296721937677	138.57675167518133
2606dd3b9651804e7898be1203ac2408f255ae78	-35.06468091460467	138.51320793880106	-34.941899914604676	138.58722286091572
9b44917dc4c6dc2bb6cf51b4c3cfb80a19b837be	-34.93961531207818	138.55534880744926	-34.93961531207818	138.55535080744926
6ed00273dbe28ace25ed4a94ecb67141784537cb	-34.898872485015204	138.65733589593404	-34.8988714850152	138.65734489593498
d3dfa5af13126b8ccf3f2a179d3af0a65c7228c3	-35.00295278244662	138.5707891893437	-35.002965782446616	138.57080918939096
d40a50a750eb83f7d40980800cf9b50be277dcec	-35.34379006785962	138.44977963980858	-34.92524506785962	138.59879667768763
cf280615be50dad39c29de4b72fcc1dd6a59bd08	-35.00450741130816	138.53466865716194	-35.00449541130816	138.53466165716506
ba40fd974c5e19154d8b255967c8bf98c357a719	-35.010525650289786	138.56713928164814	-34.921824650289786	138.59187809414777
59760b1fe65d0aa6ac7310f3ae90c8301710a895	-34.17898031100282	135.76424982335942	-34.17897931100281	135.7642468233608
5c89750236003799262cc3da7d06219c21ad8533	-34.9495796676993	138.5706200389973	-34.94957566769929	138.57061703901726
23bdef5591e21f1e3a566f1fda787250e62c9301	-34.85908629172835	138.58762538120456	-34.859094291728354	138.5876213812288
0eaac4d8d6ee7fe4e6775ad73b916acaf7cd8ab1	-35.02870325952417	138.5398151271763	-35.02872225952417	138.53985912718935
c2f4394e2f50143ab531b9bfcebcebdd38bd8003	-34.99522550961142	138.5663279073004	-34.99522950961142	138.566358907278
f01844d09a46da9d37f4d62fbf087150e0e9fbcb	-34.911589131846	138.65337059111224	-34.770837131846	138.6204735388458
ea4216d3b47f11f0a1ede63024da5f5748e3961d	-32.486427547173065	137.7433242063058	-32.48638154717306	137.74322320625714
1dbb82749e1d33bbc9cb6ceccc34d95074947f07	-34.95114847396496	138.88339729205003	-34.951147473964966	138.88339429204953
93e1358a7f8043430d1fff29b6b94d05041a5f66	-35.02384889294201	138.54761943332167	-34.923152892942014	138.60264854950904
4c8baac0bcc4bf77d347d7128b80f19a0d687a67	-35.090281673702044	138.58202864613517	-35.090278673702045	138.58202564614788
eea78ba26877c4c6baeeef95e697aa9c456449c1	-35.04015274252128	138.5185834104583	-34.909077742521276	138.57317944018428
57b6a987146a4b3d9db7c6d8fe0d2a856f996771	-34.94897686683103	138.5710047123462	-34.949006866831034	138.57099771232484
21299b67bb4c51e5d24a0942656ece748f7c4d74	-34.961654710992065	138.56404412954586	-34.96164571099206	138.56405912954517
9b969fe8bc40d8e1becee79b1baea7bd68045d57	-34.958703654464244	138.56665352491467	-34.95872765446425	138.56664252485803
99240de54ceab4e53e70a8efe6b51c0748e70464	-34.97288361275905	138.51939482431524	-34.972895612759054	138.5193698242625
405a98e87aea5788a16441352f772d162c161133	-34.982657524655835	138.57464079875209	-35.00536752465583	138.57529779231336
b4c45e44cc24a6e45966c0d4cb2ad5da58392a44	-34.89280272317113	138.67406804821962	-34.929485723171126	138.60517398701222
bf7551c607ceaa4c8e2364c4921698eb92a6c1be	-34.847711242785564	138.54885479231905	-34.84770424278556	138.54885679235852
b07cca8356de74a41aee130f3228f362c1024bac	-35.12588878683595	138.49331768461633	-34.88508578683595	138.6133996884824
b1d5dc47d9bfbfb3f97c9fe0ab8b3cd54f4a83d1	-34.88363336171626	138.60647740061953	-34.88362636171625	138.6064724006131
d709e8893c6f7ba80fb860974cded203628ea12b	-35.070014874269305	138.51551010063244	-35.0700218742693	138.51551210062078
54fd2a811667bca2f49301acb6c7eab019b1487f	-34.98698088790387	138.51570048437566	-34.929963887903874	138.60055941727276
cbc5e4da5b1a38e67a7c8f4492423409afbc7154	-34.967597021269555	138.5501316387952	-34.967648021269554	138.550403639034
40a94b80b3216c5e30361c57955e13be4dc3e2c6	-34.954180961683846	138.55725577148675	-34.954310961683845	138.55731777162757
26d204956def8ee3d698bf01567cec67476df892	-35.026278561069695	138.5417286417656	-35.02627656106969	138.54173364176114
17df3e0579fb20c468cfc35fb28afffbf1c890c7	-34.95339737191277	138.57021845160847	-34.92134537191277	138.58756042212804
09aa4c8e83e2423daf4c20d2d286788c82b27958	-34.93076746837576	138.61063698435703	-35.004529468375765	138.54216159341252
f6002b9c03e7cebc6aa8df125eab72dfd1092f17	-35.120511058842425	138.535295876678	-35.12052905884243	138.53531387669298
7663ee8aaed50120effdfabad26119c553e4f2cc	-34.95165004301157	138.55816171257274	-34.95163304301157	138.55817071259332
4d06031fc61394dc607a7d1d4837600f459af8a3	-34.90780711605428	138.50945925686136	-34.90781311605428	138.50946525687672
dd8b34ede8a68f82b966192887920161b1b72d25	-33.038731408139874	137.57351874112206	-33.038733408139876	137.57352274112668
23cfe8455a193ce9c1231ebb1773657f381d603b	-34.851334326139515	138.5146925085165	-34.85131532613951	138.51469050849673
2ce7d2569e8b709d3222564c3e67ac77fe4ba781	-34.810793959872456	138.61127675065455	-34.87681195987246	138.59314959558043
08bfe89b9b6ff721810742c005e45c521e5064b1	-34.933978604225125	138.60368826661744	-34.93397960422512	138.6036842666213
de6ce9fa74a119d4197c05a8746d37a277668198	-34.94488290920541	138.6414084206458	-34.944894909205416	138.64138742057605
06c6bd3871b2183a52ebd522c46aabf598aa3b4b	-35.01397292482137	138.57416782551616	-35.01396392482137	138.57416282547445
ff32f8e5d25ce3da9a941fcedd2e061e6277eb61	-34.688962470955886	138.67714925053033	-34.68896347095589	138.67715225053269
a41d8dd7dc1ff961b9c4bddebe262f0e434c8dfa	-35.051776340093845	138.5694763570627	-35.05178634009385	138.56952335702323
96122353361d087d6ccfdd8f1e56669014787582	-34.96728650886584	138.57256629792383	-34.96728750886584	138.57256129792373
5bf6e64e9787f32af476c63a4dc7afd11d264a8a	-34.78939754386	138.4885941425197	-32.481350543859996	137.75503602395818
ff9415399e40bccbd8f409c1cdb8fec5bdd1cd8a	-34.95489176518274	138.5801067916334	-34.92358476518273	138.5956936699616
81c8b8f2ff88b4b79dfceeea5bc2c07f0e2e01c0	-34.96613486072221	138.51742018465228	-34.96614786072221	138.51740418464817
5abafab0fa4678f3864e99e96bf5d17065b7ecf6	-35.06824305567508	138.65691705490235	-35.06824305567508	138.65691305490236
9dbba0e139d5609be1da182ab06d35247183e5ee	-35.07066229221969	138.50468068586585	-35.07065329221969	138.50468068581813
a310fd0a8eb7b1faf1eef517da67826f1cc47e41	-35.081317882196814	138.5237040617448	-35.08131688219681	138.52370106174203
1e19faf20089dfc7b8a76086786b85d3e4691b44	-34.956087254935454	138.57248885314561	-34.956087254935454	138.5724898531456
0c2c7fff3e37c7ca8bc3bec69b18c507f4e606ed	-35.03630955876024	138.52838136644172	-35.03633655876024	138.52836736659881
9e09b1b0a0a260674c7a7ed5389e375a1e60fc45	-34.852640918399935	138.6779379521467	-34.96356591839994	138.55666443470517
badb9c6298a24b0264b9849b95f0f3563cab1c19	-34.9506393298075	138.56931546622454	-34.9506443298075	138.56931446624696
a582b2dc305c625ab99466ea66a58699d0beed46	-35.16858920778781	138.48297106891877	-35.168596207787814	138.48296406889614
0b2e013238ae866135d323af60cd536d796c846e	-34.96067692188	138.56339686534645	-34.96691992188	138.53705884133458
e078f4e6bedc0aa4b31cb54efad5c0eb7c9e8cd5	-34.95832420358368	138.6228210696903	-34.95831920358368	138.62282906968048
a02932a1178d864cf80e29d3cd75b0de96232d60	-37.89531267768771	144.77442884254745	-37.89549567768771	144.7745118411872
d4b9fef4ada78e66a864d9cd694d477cc38d51cf	-34.984500565305396	138.52800855615354	-34.984523565305395	138.5279995561127
5b12e0c995bc6535409c78be9b644a2ff7859a4e	-34.92211170721683	138.5506417709682	-34.92211670721683	138.5506347709785
a0f4b4f40afaabadbe99f0ae803358efa7f81915	-34.98950943571469	138.56744668672906	-34.989513435714684	138.5674496867232
464ceef58e2dc1e6b083e9fcdf9e2a64cb273e2f	-34.94783203766592	138.57099779947896	-34.94783203766592	138.57099979947895
925bcdccff6acb621ff38471ba9c5f5c94be8f01	-34.99996767761412	138.56043398609836	-34.994529677614125	138.53596199347504
fc6ce07d620f81f2150d7a7390b082c54bfd189c	-34.995932667394186	138.51659323227364	-34.995932667394186	138.51659323227364
53955e1d1c0879909bcf85bb10c30e2f7ab501e0	-34.99489392473783	138.5528052291308	-34.99487992473783	138.55280122914326
025b40c2f900680baab451d9cb0f4d9ad4a4a83e	-34.88039375774138	138.6064710533381	-34.88036875774138	138.60648405338097
d1c8da95cc3ae62ea16596972ea19abbcaa7b94f	-34.99169997782137	138.54031934620812	-34.991695977821365	138.540333346187
fda773a589f1c56642948e50eb160917710cc2d9	-34.95783613200723	138.56659018933587	-34.95784413200723	138.56661318931617
fa5391ef6b4d06dbdab3036a2e110c06bab28bbf	-34.97098056045577	138.56318910435226	-34.970959560455775	138.56318910443736
eaa23aad710bdbdb78cd5fcd8a2072682189820d	-35.02614496574135	138.6042729317937	-35.02616696574135	138.6042869317587
45741deb929c3f1f97505bc9fd8d4ebad603a19f	-34.92285888116361	138.62841284175158	-34.94940888116361	138.57684087860784
2dc2f653989f54d7dc18e5bdf91ef9cb60d3f72e	-34.958111157724176	138.56440737376545	-34.95810515772417	138.5643873737463
9e8f510a5230fc081c1a2e7ac3d4b1702dded1b4	-34.97366524766656	138.5816393956248	-34.97380724766656	138.58191839583
4ad97d49de5900df9e7d3f154fdb9eedc33aa4e6	-34.98614187805947	138.5292412301372	-34.98614787805947	138.5292572301335
79dc68f27490c131aa6354568c5c8237a96efc96	-34.999661604329475	138.5560721806372	-34.84307560432948	138.55162647117723
97b8ad949d765f6af12e7dc96e15522d966e72de	-34.98728442884554	138.52681851001563	-34.98725642884554	138.52681551007908
12d262858feee9e3ae09479e23189fe11e6c3c53	-35.03915577570324	138.53968437165744	-35.03903277570324	138.54006337187968
4e1f0551484fab7b988ba478d715a2c94da40310	-34.955202788123515	138.5637512499608	-34.95519778812351	138.56373824995217
51ab50e8ee65aff6e3b72c8c31ec03e6957b44e5	-35.08532223377894	138.51918688773026	-35.08532423377894	138.51919388773942
6ac78fdac10f365e46f0704ad7ef36eece557b79	-35.1040860653924	138.56454613835615	-35.1042330653924	138.56457213843936
3fbfb19dee09b23f9133991a4905e7735f017766	-34.96308955149527	138.54164202684916	-34.96932855149527	138.60997602707965
631e68adb6822a5aa33c3666eb15cbb5d16f0644	-34.97227296233895	138.5670800592166	-34.97228296233895	138.5670700592142
0a6c96403f038ef7fd0c8ad3be5e6832153a1f08	-34.96885994380382	138.56086950866106	-34.96887194380382	138.5608635086201
242ef2ae9071c4d655d0c89dab5fb9be8d539eb9	-34.87745274011216	138.53273067742688	-34.877453740112166	138.53273267742145
08293ba17dd72e15aa4d08fd6eab9f8f91dbe374	-34.94789966708073	138.57512427008538	-34.94790566708073	138.5751062700733
fda40cfdb87230153a553ca17a4a78b1a076e12b	-34.99397914386626	138.52027975419162	-34.99399414386627	138.52026175416995
67f3a585212d69078eafd1df8f73e87227c4fa7c	-34.967215493276136	138.54618969638432	-34.967213493276134	138.54616169638527
d41b2702152b10234e41af287e90e3e85351a9ee	-34.977249964064235	138.56305857219746	-34.97726496406423	138.56287657218456
6c2e62dbb8cf24e3dad2af7b9785d8bca1a87668	-34.87862569188656	138.6792018091653	-34.87862369188657	138.67923680916687
e744c5b3a9babe0842cf66e8fff31b06458e964f	-34.728299043113	138.68463614629343	-32.494780043112996	137.77138109593645
cad9a2e5852872a8147c670441abbcdfc9a94139	-35.03550898949798	138.533757962306	-35.03551998949798	138.53374796229872
382467d358e6db46f40083c575ad1644057af635	-34.66843496553488	138.6332299873706	-34.66848696553488	138.6332719874491
87cdafc9dac7dad31eab047c6d4152ec8d5eb8d4			-35.04243410044153	138.57257957438603
d4d7108917ca8cd0f10df180644ac2b1fd131ea7	-34.88863916658476	138.69707056553963	-34.88888216658476	138.6969985654289
3a90d4d96ef62da56bf81487ef50ac899335d06c	-34.97638883479581	138.59062932876708	-34.89674783479581	138.54608346238132
b19151ede02bb2a34cfa06b0659e69242cf23fc3	-35.09130745017941	138.58288502872537	-35.07357545017941	138.59015012608887
d7d0e4c623668e1ffc19620caefc8c4ad76a216c	-34.99016905028021	138.55312798259556	-34.99016905028021	138.55312598259553
8d663c8f558f0ad2d9e5f0f66ed24a7594a16cd2	-35.00056784408918	138.52888004997564	-35.000516844089184	138.5288830499532
a2f977181adda664531eded5ae861a42e89faecd	-35.07064729081733	138.5040840882929	-35.07064029081732	138.50405008830714
b5603994d206478cb586c22355c91dc29b19cfb1			-34.80762993357075	138.6676042510966
53c23d4a0e658dbe7e0c2b896b9f655196bc68f4	-35.02929901513226	138.5408502753601	-35.02929401513226	138.54084627535227
5f870bd01411e1074eda8cbb5326e9dcaef6e129	-34.892822434678756	138.59785776320217	-34.93676143467876	138.52635461315955
e00e77fca718ae07e9200d1a3948b788bdfc8f22	-34.96512223933234	138.55581804261072	-34.96512523933234	138.55584804261295
a9fb0536658b347a4b9e1f34ddb866a8bf1ad75e	-34.870071126514375	138.69727426046202	-34.95849812651438	138.53657924673132
058ec679a1795dee0320d94146199ef5942f6106	-34.881341332786455	138.5280876314271	-34.881347332786454	138.52809963142684
f38318be0d9887771f469b96e79b302f36df86e7	-34.967185582998354	138.572768722002	-34.967185582998354	138.57274872200202
4f3167da57ca2f6a73cc6b88f4cd837260512764	-35.00408885254282	138.5353438833494	-35.00396085254282	138.53541588279262
6bc36ce8bdbf535672ffc80c6abee0e4d1af6b17	-34.965520642318	138.5558897221188	-34.96551164231799	138.55589672210445
728e1567735668001a211f0526427b6577e2db04	-34.96165256434149	138.56091330401603	-34.96165156434149	138.5609083040158
8b1caabca383a9f44435996ee0866bc72b3c50a2	-34.95544654981867	138.56779235911696	-34.95544854981866	138.56777835911123
63ebbab41400c3b7b6739a54fbafd968b6f4badf	-34.972615140811655	138.51238377467615	-34.97260514081165	138.51238077466493
7e19c4f48463d80d8228ad51241229e2c00ce128	-34.77689291021384	138.6278812487256	-34.82226491021384	138.60194717509185
b32d4816522652c4c11e0007fdd14d1fc6cba37e	-34.95028238461428	138.58046279639174	-34.95029138461428	138.5804577963323
ef4feab8457b676660aaa4ff86bbc4acea6e5ad2	-35.02818810797853	138.6367090344881	-35.02819610797852	138.63671503449171
659fbbc2103feaa09365819883632343026aa5c6	-34.930402065649915	138.61234424264322	-34.930405065649914	138.61233924264633
2b76144971ef3e7d06ecc5edcc548ce509762b19	-34.97600690808382	138.56914344679566	-34.97601190808381	138.5691524468041
1725cdd806d16f8df7a112eddc5349394c9a0b8f	-35.0248519534163	138.52918999185465	-34.9250499534163	138.598499140437
3c73db8eeea07630bf6a4665c1ffc1903136cc25	-34.95088827699841	138.6313622018319	-34.95088727699841	138.63135620183664
8c52a391083cbdc694a62f67b0c23c58433c1e59	-34.94645068128321	138.64319696994892	-34.96043668128321	138.56100195168528
0132d779e2b8e5b89ae08ebaa08ac6e29eaf5ff7	-35.02427159707064	138.54763707695344	-35.02427459707064	138.54765107695027
d44163f0d23f589e799e1b627da7ece7dd7212e1	-34.99572906749668	138.52374742384978	-34.941601067496684	138.59152438129684
945b83fb07ed8bb2155ef681e3d0bea910fd8517	-35.66256633977149	137.59973266034626	-35.65529733977149	137.63627668731954
d51bd7461bacfc59f32e88e09bfe47564e1fda47	-34.86909711560707	138.68206852543088	-34.97599911560707	138.51051717415777
38a97c19dd5b85d19bc7f9db12586c9d093a0c07	-34.96328048362855	138.5412518855521	-34.96328048362855	138.5412648855521
1294f0ec1698c572f769ae61d850e8f4e8c459f2	-34.95280244777032	138.5830780077158	-34.952803447770314	138.5830780077212
672597ff1b5a19d914ff2b6963f00675052f9832	-34.88880989744807	138.65893907724404	-34.888804897448075	138.65895007722835
c5245df9c863cc28e5ac8937edc07f9ada63fcfd	-34.95037712999182	138.57356665068804	-34.95038912999182	138.57349765069003
d62b794a3a4f8b928bb85f05025548017ac0881c	-34.97332741691919	138.51521685359413	-34.97333041691919	138.51522385359138
1a4b28c7fb6a8835d937a079a97c9d3181bfccca	-35.04940116384071	138.62473781368078	-35.04942416384071	138.62471881365963
586d8495e02ececf5649c9824855165a6813c61c	-34.84572137557985	138.6477427272287	-34.84545637557985	138.64774872725536
ea19a2d68ecf735c1c932492ce1ac3f96ff8d31a	-34.9806529859922	138.56807206091017	-34.9806769859922	138.5680580609193
571ac5180ae4a49be35f680b78175a68bd470699	-35.05141855219093	138.62281074515278	-35.05144155219093	138.62280774512595
fb0039e24b180486855f4028249bd28e7eb829f6	-34.950536566970555	138.58326092476705	-34.95053856697056	138.58325692475952
80d7bb386d26c86b677d4010606dc5549a563196	-34.958975678049605	138.55942797184505	-34.83173467804961	138.6956571452403
d93384bdeb5f46ae0a247faf35719c8507eb5b99	-35.048614109525886	138.5753416497198	-35.048595109525884	138.575348649695
522d83faaf2c57685400cfc56738fad5debb19db	-34.96100546193407	138.56638456458464	-34.91937346193407	138.6159063602744
1dff400e629b60555ab9cfbcaf9352d245381152	-34.97665604526862	138.57016699890409	-34.95543104526862	138.58973506884178
3d7121cd353ee9c254c56589fcc34269868164f7	-34.98251981706769	138.58935609954676	-34.98249281706769	138.58936409943033
d81dd5777243cc7554cdb677624330452ea22585	-34.95027522014816	138.58074564381462	-34.901360220148156	138.60880579599723
ab5e2ad26f890bdc02bb5dab57ad139e367d56fc	-35.02339754225958	138.53011976719216	-35.023376542259584	138.53011276720585
cff9347a582c420b6b743cdb97ae0c12275a9ff7	-34.96417437305394	138.56182810787422	-34.90579537305395	138.52302285735828
a0ea6e15491e61650bc1ced364df319271453108	-35.1344639401866	138.48337295396595	-35.1344709401866	138.4833769539608
d5da7a295b83ae61ef88bcc3c518c7b82d80cfec	-35.103806676682034	138.51356182409063	-35.10380267668204	138.51357382410845
da76cf58667e73bea1d28cb5791d7ded7030daa2	-34.943417118397	138.60603444165935	-34.943404118397	138.60606644161965
5affa5526f05c5815b7e2d4d17a5b896f4381b96	-34.85036823548558	138.66307713822465	-34.85035723548558	138.66308513819965
ba1aa5af5655810050bacaa91bcb3f198a601c88	-35.0385055831534	138.51987585795246	-34.788926583153405	138.71328357302298
87c798e29138e4893a2b98d5508b14a4b5208d33	-34.96090520151475	138.55971210906694	-34.960895201514745	138.55970310905744
bfa76d847ba6b869c19e6f097dc57680813389f7	-34.947284737033115	138.59201912667376	-34.94728373703312	138.59201712667377
26c795320bd863b5532180fef55c2a72c8dac320	-34.178316996366156	140.7377502069958	-34.17832199636616	140.7377612069871
7b1db4af04938f07741f0e9d97150338dc3ac744	-34.891342407054104	138.54070811921486	-34.89134040705411	138.54071311920558
7206991b57bbe3dd7e02a6e0d41116b4f678ce3c	-35.081568478111116	138.55646395927482	-34.921682478111116	138.63091928731706
c6b1ecf974d8105e0d3b842c7c23e9468fecdfaa	-34.942493401735284	138.57407627229256	-34.942490401735284	138.57407627227866
04e33a55255ab586a0af4eb4d25acde3c90be845	-34.66668546877674	138.88928078627768	-34.66668646877674	138.8892667862733
3271813ae23c251b37c2e56b4e0dbe0bca938bd3	-34.91211512103337	138.6486766378091	-34.912121121033366	138.64865263779834
7147fbbc60ce84c2fc2849b90ca9e50961c7560a	-35.09955117846687	138.5371668725802	-34.97390817846687	138.5473979419134
833f77df41b736d078b2796a72367007ac1b4579	-35.053183226066594	138.58025766997378	-35.0531902260666	138.58023966995677
98362dbc07725a923f65fe14c3f0724a6d403392	-35.08363370376248	138.51916610275524	-35.08363270376248	138.51912010275612
5a08198df034cce144d08108bce98a935a0c63fa	-34.94885591463654	138.5578198332767	-34.958251914636534	138.57048181548907
c5d981b5bab612833d9266080ea97227115e67b4	-34.99608022142599	138.52646826037974	-34.99605522142599	138.52646626036378
487d77f15dbce607270c215f9111512eff9af342	-34.91146452763004	138.51552156734041	-34.91142452763004	138.51564056754967
c9df82d01606c9b85d41d0d32bb9a24bf5c122b4	-34.95828537062055	138.5643875877905	-34.95828537062055	138.5643815877905
7eceb0da6dc258d9aa7612c415b5a4ce4b15837a	-34.95361794222282	138.57346160620133	-34.95359494222282	138.57345660621348
3902cec23a873b914968869b597e6f912289d51e	-34.950721246082956	138.57579824525266	-34.95073924608296	138.57581224524392
8f670f6cde7d86fa620efefd1fb80bde7ef75ace	-35.18810252766341	138.4888597863462	-35.18811952766341	138.4888707863491
66273a5adf40986d92bb9a81c05204b63730ac07	-34.986426018541025	138.54869789939514	-34.98643501854102	138.54869889934952
e42cd724dc4770605952d4fd8156e3aa531250fa	-34.92491128903592	138.6370793246668	-34.92493328903592	138.63704332473284
907445bfcc32b03e25131c6ebb44048150a34c58	-34.98508472579004	138.5486093965679	-34.91279672579004	138.61873208421784
eb17895aaa8ee284e83c783ca54e5541cfdce467	-34.87817782254593	138.5489266764315	-34.878178822545934	138.5489296764324
5f91da5b6875ae0bff357881f9cf587448364a57	-34.98882198498903	138.55828056303537	-34.98880698498903	138.5582675629594
855e80c12cbd67408dc217714bdeb58ea92d0542	-34.956547150299635	138.54902323104156	-34.95650115029964	138.54901723099374
3ce20078241e12ddf4b634ab4aa839ec46223d09	-34.996998499869306	138.5500245658465	-34.9969864998693	138.55011156582253
3ff34ae99cc5a55672efe0e47dacd2273f9f1fee	-35.14023662379316	138.53862608631152	-35.14023062379316	138.53863008630046
10ef535acba6326d179e8ad8d2a0cbdfcac90c4d	-34.94602180560007	138.57634375511645	-34.94604280560007	138.57633475519373
63b8046b0deb8e60f8252ff619c63690f46b580c	-34.7207110956205	138.6957907047483	-34.7207180956205	138.69579070474822
b122ee4dd91998bccc9cbc63df99e981029bf8c5	-34.877432702585196	138.53325544408818	-34.8988657025852	138.55194546298728
ca2fa427a14a8028b15f725d44edd6132daef715	-35.09780498513773	138.51963347321885	-35.09778798513773	138.51963647318829
57748783c2034e7036ed14648ee5f1ac25898781	30.315512041218334	-81.51114089244282	30.315508041218333	-81.51112689244907
ab3ff26aca7cad4530d30d057f6e5b63e671d2f8	-34.98469940148455	138.52773430556806		
77d600c3ad8a526d86b3ccde97b6772f6c03ab56	-34.99948711946131	138.56769485070546	-34.99945811946131	138.56770485068105
37b69c5a947552a51d87ff6ca2801c1f48d3fd66	-34.96635387084402	138.56937510189715	-34.96638687084402	138.5693781018428
9064393bbfbcba918eb2cefa8108d16e287651d2	-34.965275881622496	138.56058475538114	-34.965281881622495	138.56057275538294
1dc2f1c77c4de631f806bca4aaccfd9b618b7daa	-34.84622147276398	138.70945659097535	-34.84622447276398	138.7094375909895
810757be41950610dfb68b95d33da0f023d8b810	-34.943031548752394	138.5694372499534	-34.94302754875239	138.5694262499607
fbcba75bcb19a9230cd058de840abcf63ff86231	-34.96457273120804	138.56814938160085	-34.96452373120804	138.56817038155455
4f3b1d8d1f55a624168505453988f638a06570e9	-35.02296890715675	138.5572340496173	-35.022955907156756	138.5572130495772
2338b3476d3096c170ab18718362263370142d40	-34.97641392750281	138.56718576432502	-34.972818927502814	138.65161578075092
308d1a94f924f98be02c00544028039688b63f4f	-34.98238838913464	138.61968583678535	-34.96968438913464	138.5362988731054
a612e94e2fbe2864e35f04a5b699af7d805d39af	-34.96754456742281	138.59355595636075	-35.10471356742281	138.50846357660902
13a495ec528194add90db7150bb20b3c59c6a7aa	-35.07898502946364	138.5629891859721	-34.94299402946364	138.56621672383883
cd1e5c3a51e7d9e96f96b135e4597797610a8533	-34.99168931057134	138.5333116882606	-34.99170031057134	138.53331868824202
9e09513f0165833339bf4446e62b683b1921c2a6	-36.75032431274682	144.3098442233331	-36.75034231274682	144.30985122326163
776828241f89e1c32e170dd56af9fc6b88fe1895	-34.9618677743845	138.5566616874283	-34.9619037743845	138.55666068742596
9395b073501549da219b6e27a22cafd26687596e	-34.958747071454624	138.5681120180278	-34.958750071454624	138.56811801803454
c5b607a25fd900973cfd9547f6e4c3dba0691128	-35.14008629507001	138.53708861368014	-35.14009429507001	138.537086613673
be53134a9471e89ead839ebc2877a680365f33d3			-34.95506749822717	138.56893747476408
ee730e257e6fd0b02dd10c884a55e18db5a2a661	-34.9445417676647	138.63487423447486		
a70c51182a2a5c378e844a6a17a87b3b6f1e39e3	-34.85128822984209	138.4818672987868	-34.85118422984209	138.48188829899877
bcb796771fd60328595f3c5058932f4bc85a9764	-34.987284903348886	138.5113315776388	-34.93440290334889	138.59234356952473
2dec1e32fc48a1a6f145e91414af3ff1445fd1fb	-34.890311040987996	138.59665488578793	-35.002439040987994	138.54282592258105
2c1c58b6f8ad81c6eedaa916a047644efbc46c29	-35.206954523356636	138.4885810419979	-35.206949523356634	138.48858004201617
b399d399cf2a9c04adc32c2764780cf2729f4bd7	-35.03992214541072	138.53805919978683	-35.03991414541072	138.53804019978867
1e1a690dc718742d42e2a66d62adc53494995150	-34.96760086920036	138.5440889686681	-34.96760286920036	138.54408396867365
30f5d13a1cdcaab4f40985af119ee0a8e620bcd5	-34.9502778422034	138.58349912658704	-34.9502648422034	138.5835431265918
10f70e753b2c51e05640c25ffdafd9aa8ac4c0c8	-34.977657031152525	138.54754839392874	-34.947203031152526	138.56473529233926
5e1053892fd1ae9685f29a24e69df98e070e5fff	-35.053528033573016	138.56994524643744	-35.053503033573016	138.56994524636758
ddc7efcc302942a4543614d180ebdfa8a5782d1f	-35.10556837323685	139.28162340850196	-35.105572373236846	139.28161840851075
a821321a10eaca3bbe7fe87ce93d9e6675479673	-34.94917851426127	138.58331579843778	-34.995852514261266	138.5773457789436
0cd70eb046c27689c76ae84c8b05fdaf5c5e4378	-34.95794197920415	138.5835311953056		
f132ce1918c9dc368c33263d45e1c2488e4f5ccb	-23.692504882515017	133.87444454132728	-23.692511882515017	133.87444454133953
f470ca9c6dae5149ba00b3b65e04aa031d58bc38	-34.97473783156026	138.5314471213922	-34.97473283156027	138.53144312139142
afac96c22e714efd0b63b3f28bcb4305f1b9ba8b	-35.085191284529586	138.5860318228066	-35.085188284529586	138.58602582280943
dce168776cb6d09af2cbbc354adb79edd7f92321	-34.959548014190645	138.5687259476402	-34.95954701419065	138.5687239476354
0b98e25e86fc5f21bdc86eb918a9c43bbfadc59e	-34.894669232405136	138.66567647406603	-34.88086323240513	138.68638850741945
133fd27c9314e71f9ddd2afa7b0db90b12ebf836	-34.965759281343026	138.54186996838783	-34.96578128134303	138.5419719684184
445f6838e387b43ddffc82c7b7f6d973410fb2fc	-34.95575812865895	138.5704151806726	-34.955737128658946	138.57045918067868
b18e23646045564d81d38b1bfd5ee754be52b694	-34.999296747148186	138.56400092354917	-34.99928974714818	138.56400092355133
cbd26c6d5714540e92990cb62bcac7cc7562d3ed	-34.9643520077378	138.55971259650298	-34.9223830077378	138.58881560233806
bff137dc0e44afe24c2d9e0d30706489431e0a2d	-14.478384171425384	132.25764763570632	-14.478389171425384	132.25764463571534
8caa4b00943979fd5b00ab9a9cb1af3bdb40cdea	-35.0079354617392	138.51538449135117	-35.00796146173921	138.51538149131156
f772e7e6263b4107e33259574bcab741e1a47450	-34.773776119452556	137.85765264697898	-34.773796119452555	137.8576616469874
a1beca8ec9bf1d94fc5729895d236c9ab56e3e12	-35.0261119367182	138.54229421912316	-34.8716699367182	138.6334607444293
3f8a5020606bce33233536caa58575286deaf86e	-34.955636341633365	138.56383038180226	-34.932598341633366	138.55293944827412
3d88cef08850fc88949291088b0d02b1954295f4	-34.88647743120081	138.51267879810413	-34.886484431200806	138.51270079809711
bba3341f59a6b11ef2bf732a58256b82aff1b83e	-34.90597795541061	138.59958126290033	-34.834276955410616	138.69022722083176
c3314647ae925257fd8233e29029c271483ed897	-34.95308514782452	138.56338746604993	-34.95308514782452	138.56338946604993
f29dee09f7334a8135d2ce52bea268898c344e0b	-34.89967331683174	138.57386015977636	-34.86873831683174	138.57416520186828
91bcfef48bb4b6d19d97346ab40602d180b91987	-34.96490077539394	138.57054632883634	-34.96491377539394	138.57055532889433
2e9e38cebec2f4a76933d464a6b40f1f3d27726b	-34.9813937013701	138.55033657210276	-34.9016227013701	138.56957557835253
3aec55e245b102b9b769b85fc0d512d1ce5146e0	-34.92284904205643	138.52425930419108	-34.92283604205643	138.5242603041833
fb55cad9be198ed589f4462c9c047b98b66adb10	-35.00587484348235	138.5251228366827	-35.00588084348235	138.52512783671062
461417e2912bc962213540680a9c856ac1b98438	-34.8832638138099	138.61011873589632	-34.8832758138099	138.61012773584937
1ea8bd5d7803b11897e643f40fdc38cd88875a65	-34.81791447001041	138.68124148694577	-34.81792847001041	138.6812784869185
7afcac027bf0ed8f519d589c68e58e16937b08b5	-34.967780158166654	138.56336042125778	-34.96770015816666	138.56342042107866
7c9db3ef997535438e7dcd256763c4dc750c5c4a	-34.655251859115346	138.67971607120816	-34.65524585911535	138.67970907118342
231d6903661b13432dd054a86e2261b515cd3cd6	-34.96086313003196	138.5587844977913	-34.96084313003196	138.5588334978356
a49bb66f9ceaf465daeea8269ee0947965da072a	-34.85570905091015	138.59719493485346	-34.87686305091015	138.51240590139108
11a1f051e8e213cd037782ba04f16a62c520853a	-34.91098363081693	138.6488875050136	-34.90680063081693	138.57019550391803
ddb33cf424bdbb1d743560295f01a055022728a6	-35.07256648450674	138.5026781066929	-35.07254248450674	138.5026851067776
532cfff7c3df3640a75e2d5eba7b9544f34a4f2a	-34.998388083891285	138.55694449044913	-34.99838708389128	138.55695649044887
d9dceb996ada89794f956912675d80e4581d33f2	-35.05733325184009	138.61160467083297	-34.97091825184009	138.57240116013705
6e0130f9969f3b9fcd972fc6b05231945454d423			-34.93884255426988	138.50013309360637
a961057221f6b02ae2861142857b38d3ef7e9738	-34.9651071544434	138.5679966604319	-34.965075154443404	138.56802066042187
f50e6884f830739cb36669d78dad9eb1256db418	-34.930379292229155	138.55078444748156	-34.93037829222915	138.55077844748078
08fc996a10e44ba04fc9aee4d35d662afe1e9c78	-34.9955100292626	138.51067217355342	-34.99552002926259	138.51067217353915
75215fc93a7acfe7fd4b047cfa36eb9760083dbd	-34.93752881847847	138.56703620646596	-34.93752981847847	138.56702820647064
d135e426c2fe4ac11504f458a98c33c1ac4d254a	-35.019362282678	138.52764597940882	-35.019373282678	138.52766997942078
ee1fdb9cfe2c84e4b697f8cb585353aa014e31d2	-35.002112904455345	138.53312816598836	-35.00212790445534	138.5331061659268
d844e3a46a341e1566343b7358787218384ef415	-34.97802626690407	138.51149684326748	-34.97801626690407	138.5115038433238
e3fea9ed1907bc38a5d46fc595af8da990c0ffc7	-35.010176623769475	138.55362212434184	-34.911957623769474	138.59977114695252
1aa4253962ba95991a5591814aa34fc556290479	-33.78684684254575	151.20937308818228	-33.78684884254575	151.2093760881797
d63a91eda11ef27e52a678957a3f3ef3a3ef48f1	-34.78985769598634	138.71444141774694	-34.78986569598634	138.71445541777842
e374be447dcc08512e1deefde37a3c6d56d14947	-34.89606521121935	138.5343946831192	-34.89602721121935	138.53426768311195
2ae51c4bffe20d4c4c1b34fcd3830c05636e6cd2	-34.89377176829447	138.62745650895096	-34.907824768294475	138.56533350869583
300504181fa6372fbbd90d1f6e17cb2530c17708	-34.831620672680984	138.65431134695302	-34.831636672680986	138.65430334704172
e480b04b743726552966b80b33d7012433fe74b0	-34.92256305313282	138.5500589582409	-34.91032405313282	138.55932301952566
a6f8085f3e0a0ab631cbb0dd30ec9fa8112c497a	-34.968292891682815	138.54998078620667	-34.96829489168282	138.54998678619927
5f3bc746091c5deee6ed0035fea2e1fcfb2f1ebe	-35.03069705107862	138.52640291785806	-35.03068605107862	138.5264219178838
1607f675148673a9012da391ee173a85d2214bf9	-34.96899918425583	138.59826002937862	-34.96901018425583	138.5982780294056
b819cd0fb27409c07791b91ceac821c2afd63dab	-34.976773235605016	138.5305008749141	-34.97677723560502	138.5305118749088
02ea0a7eb272059b9c58f2bb56f28082132d59eb	-34.96503472862631	138.56812586170386	-34.96501672862631	138.56813586170125
f192f2f10fd20afe5f9a0dceaceed352a19fa93c	-35.02916347855403	138.5378936467814	-35.02917047855403	138.5378896467468
8eacc48aa473d31334be842986029cfc55d3648a	-34.99847793099732	138.56325601103066	-34.99844293099732	138.563266010993
43d7c94f64e750d78f992a38aac06bd752c29759	-34.934629335308735	138.55029170598186	-34.934632335308734	138.5502977059792
174ee963dd778520bf8699591f1a8d13bd9c2afb	-34.98126589768864	138.53228826027814	-34.981271897688636	138.53227626029428
8dabb49cacbee1b7da3f2bb9f83c2679eac54a14	-34.7623569301145	138.68024373690224	-34.7623749301145	138.68024473683283
327070b223f5088deb658596a67fba102ba8bd92	-35.01314665786347	138.53830970159962	-35.01315865786347	138.538315701562
2da79e302693f3561afc52edaaea67e17471dfc4	-34.901439146916985	138.6415215114193	-34.90144514691699	138.64151351144085
177c13dee57aa19609ef9542b15429cb4169be40	-34.58639663827139	138.74361922984076	-34.58642863827139	138.74355322975535
41a9b2e05c26556000cca75b98a41fd06371b8cb	-34.92450016799705	138.63804570219185	-34.92450816799705	138.63805170217594
58d421c5669e13169f55e03d249728cdf46caf14	-34.9818716012767	138.52629391383354	-34.9818696012767	138.52629691382788
6de171374ad844d09e7d61ccdfd41f18ce544d12	-35.07066434279665	138.50440481832018	-35.07063734279665	138.50438181825805
c8d3bd6af2fda2bc26f334662ddc9ef9b5911c41	-34.975219700843326	138.67629821536116	-34.97520970084332	138.6762972153608
2da16fac35fd6b7ffb224c4b381069e8d59e5be8	-35.035389857070165	138.53343316490134	-35.035333857070164	138.53343216499306
ef9509e769cec174a36fa3f38c67ee40a9836ff2	-35.02096834289377	138.547030657533	-35.02095934289377	138.54701865750883
8fddffc99ea9ee8eeaaeebc9b5a09e2979639c22			-34.7736526829751	138.6292196206826
e2dd922c6000fdfa43d58d67f2b3d0f7cd2efc93	-35.02550392294776	138.54454466036623	-35.025536922947765	138.54453366045368
4912b0c3fb2a91a3f041db0bffb706f27efa384a	-35.02360203235375	138.53631166444254	-34.92751403235375	138.6004180787407
eebfbcb70f0d2b6cc05fba73f7b7e01dfa0cd3f0	-34.859531586447545	138.6640019320434	-34.85953558644754	138.66399593204503
e59a3c09a862b94be3406db6d6fe6e25c78fad01	-34.87144547261566	138.5393611825457	-34.871450472615656	138.5393541825311
c93a27ce52405af801ed0d2d8f263b0b4eb560ce	-34.97186991477894	138.5831481844035	-34.93282391477894	138.58807126146394
674d2485d8ab3f211e598141ab6e0f67f7890328	-34.92923565573131	138.49842300855576	-34.92923065573131	138.49842000852385
5a9b2c5edc25e81c80f32500f3e5d40afc02af59	-34.85581207398997	138.53424485963745	-34.84925607398998	138.5661688582144
405372ddcceb66d699ff25eb318fa1e2430d487d	-35.07280604143718	138.52247089207702	-34.95075804143718	138.6323283112356
f924188ced2ed21182f2dff5cd2d3305a2d7f932	-34.98304497450043	138.553535948053	-34.902706974500425	138.57772182765856
d3bb97d8faff660bd39e9f94933b6aa76650ce03	-34.91646314817181	138.55718189814777	-34.916152148171804	138.5621808972502
127ff041acdcdfb144c3cfae08e4948fee0e5ae7	-34.98581214917786	138.53753450265413	-34.92080114917786	138.58782551969702
526399c9b4bad892e40615572cf2f6c8e498c72f	-34.965174615178555	138.5139590737531	-34.965137615178556	138.5139480738231
08557d2941ddcee583011aee5b981063ebce5f0d	-34.9247297449305	138.5504600315564	-34.9247287449305	138.550469031559
cba7db94b75e38ea928fcc40f6fa3b160532d680	-34.93481052262321	138.6085998260354	-35.02195852262321	138.61684422086924
ed39ac4921fd8c62a410cc100734b9b7048f9823	-34.99061535413344	138.54378220607526	-34.990613354133444	138.54376120607515
231d2829e4101843679c87e3d59197a49f1a2501	-35.07008445823951	138.52267126067383	-35.070067458239514	138.52265826074046
d5743d8580a97c7bd0696f0382e184d3e768357e	-34.98451133381057	138.52259819533313	-34.948226333810574	138.5620132988588
cb25f4f9b8f1e314c4f405ec85aa82c2fca05f2e	-34.9545688473966	138.57118737996362	-34.954652847396595	138.5711173799958
5698ea784757afb218457d9253519448e49012b4	-35.01903314993374	138.53320245214516	-35.01903414993374	138.5332214521411
9d2fe5759474598a749774f174cd31a444f9d2ca	-34.90062109323598	138.52773867872807	-34.829331093235986	138.67247369720272
fa6a61edd927f1f039f7a86d163c8b4fa75c351f	-35.003136507867445	138.53646818272557	-35.003145507867444	138.5364541827036
f23074ccc175efef24573ed2c46b3fd9e08ff59b	-35.140358404543605	138.53861507694128	-35.14032340454361	138.53861507687975
b84888ec43efaabf0673a7a2c3ac04b991167dac	-34.99073232882411	138.54779220251976	-34.91985432882411	138.62230648932203
d22b11a207550186d7c67ac9a5a364c195ad617e	-35.07640468824155	138.78306662311203	-34.92047668824155	138.64055836054726
70c77688c3e34134213a5b14d2d0ce39ac6a7f25	-34.87155281737311	138.5404110929906	-34.871544817373106	138.54042409301582
56abe55110918b9ddc259a46af4ea1efb641524c	-34.795440730492906	138.70123849996483	-34.79544873049291	138.70142749995935
b963df241800bdea71390d218e1108cb584f35fc	-35.10859568592222	138.63085575766434	-35.108593685922216	138.63085575767084
a4b459f0e6b0e57116796d7ef144364d8b098ed3	-34.95493660120317	138.56716197960614	-34.95491460120317	138.56715397959942
e4d0fd02244a512649e9d8db51d058af154f7356	-35.04939537431181	138.51557098836736	-35.04939637431181	138.5155699883659
82472f2fede134ec8143346c8c74a8a51bbe6c53	-34.99187129952413	138.54239342738586	-34.99179729952412	138.54247642747407
11dd887e644dbf139e5271ee1ffa33a585ec6067	-34.9673675636729	138.59761333998551	-34.936954563672906	138.63338437027707
eeb756c745e4100028202c29b08ccb672e8de2f4	-34.97778495579049	138.58618851481353	-34.97486195579049	138.5384595205055
18719bb5631d22c00703c6475844bea7c0290be7	-35.03604602241292	138.60470257588935	-35.035946022412915	138.60469557648213
94d2e1f1a99c526010e9e3cbe49752d0ba36beb2	-34.982910626981834	138.54648947179427	-34.98293362698183	138.54650747182083
c35e260122a4df6417430dc4e92ec1911f79a35d	-34.994952039612585	138.56291344549027	-34.994944039612584	138.56291344549325
780cfce05b5ce2cb9487e8d1593e2b827f82b961	-34.963793452049615	138.55778427726466	-34.96378345204962	138.55775427728048
02842ab9624a0acb46b60412a3c4c3609823716f	-34.96477513390877	138.56795934561237	-34.96478913390877	138.567998345595
6b0494d7b5b395de5e5fc0b465ec9a28bb8fb926	-34.96132301351753	138.56321317043935	-34.96131201351753	138.56319717044644
23be1db95105e122699688ee8a513b2c2bcb95b3	-33.015969997039846	137.51322127215798	-33.015666997039844	137.5134622712808
f55a4564b7f85473c897d102fb3e81af9234b3cc			-27.51444682883188	153.04636459515163
ed9e6b9343753f392479928f53eba8e3de913ab1	-35.02353014110033	138.54506674291557	-35.023546141100326	138.54507974294447
b827145c6cb569f2696d4a48cc202d36e9a32b66	-34.923522721007295	138.6097665007905	-34.92352072100729	138.60976850078978
5c5338ed83e41f053a0dcf9df455e80cc6a0609e	-34.95688216551765	138.5790696887706	-34.95688716551764	138.5790626887536
f0bfa44089a770a385d0bce8afd16deba05e611b	-35.11992486428116	138.5122690502105	-35.11993586428116	138.51227905017527
208557f7e714efe96b90bddbddae1f97dc1da52d	-34.95770114112073	138.57642298626462	-34.95769314112073	138.5764479862889
2e23cbadf9a482cfcf32d7fa7dfe08e11a99de6b	-35.028990281447506	138.53691188628267	-35.02898328144751	138.53690988626846
f502d77d51b672cfb6b8f49d525ace36b9f8fdbd	-34.966639721374015	138.55908849842822	-34.96663772137401	138.55908749842777
e2bc3d565faa8d1116d5db0c776a6e04868cde97	-35.0060833605656	138.54682487427976	-35.0060983605656	138.5468308741987
32ca0eaa1ad279a498f09acfa4504719f8f1ffb9	-34.957222928689646	138.59581826471774	-34.95722692868965	138.59582626471033
a47dbfd0020b9141f3ccf047435c99e003a7d4cf	-35.00405259762333	138.56612287104173	-35.00405259762333	138.5661198710417
998d4f90e194c9024a4c24df12c1ee5e7014ae86	-33.01992371417102	137.5289469346618	-33.019897714171016	137.528941934602
0c83c02fbaaadfa064adfd9265c7393c2a86bcc5	-34.856837590899936	138.47735158897126	-34.85685959089993	138.47737158896683
730d02dc0303831219bf899709f52f5daeb48497	-35.00639540659081	138.52501484899636	-35.00639540659081	138.52502184899635
f0ea51b404788b8daae530a3e524f45119688434	-34.97660071234426	138.55286739211695	-34.97662771234426	138.5528553920129
4574058ad42cc0b186cda305ac19e9ea34f0b8e6	-34.947565397529345	138.56948782784704	-34.947568397529345	138.5694898278396
60ce7aebdf76517727dce45ee3cdc9a0dc484f98	-34.87591772571764	138.5136512547218	-34.875904725717646	138.51364725465345
b469065474b85816a200ea3f2e725137eb80bf3a	-35.03617693379825	138.60522492023065	-35.03617493379826	138.60520592023113
7243e1ce70674e9cbeeb8bb0e4a0cae3a2ec984d	-34.9741421938312	138.52949052906305	-34.9741421938312	138.52943152906306
75fddc78f1202c7fc98dd5a8e63b1e908918153c	-34.98415903144258	138.53146662657608	-34.98418403144258	138.53147062661625
e1797d25495ca744ef0c198499d9317d33ccc2a5	-35.021341897010615	138.51826401013176	-34.923651897010615	138.6033781972542
e7a30c767380bf43ca3acf8025e0452e25ad56ff	-34.880156696147246	138.53859830677146	-34.88015069614724	138.53857630678274
203673e8b553d0266bf5db632784c1b88068b3b6	-35.00654541136878	138.5487318192592	-35.00654841136878	138.5487208192616
8adaa7066d8ffe597566a532a96b1bd4b14a27a1	-34.93775211710841	138.56218419259247	-34.93775411710841	138.5621901925859
f0f85ca9ee48809448cf8047c7396546cd4435db	-34.856865622094034	138.47745899076176	-34.85687762209404	138.47745199077139
ab9e687d6a53d441301f882715af0f2ac88f6744	-34.94027327661333	138.5488222060392	-34.940115276613334	138.54883820665918
4277d1cb031de5faad0810c7d35812f797816afb	-34.954335774693156	138.5619363827577		
2673516abeb899cab72e1136091abacd31f6d58f	-34.99332832744157	138.5461561117334	-34.993326327441565	138.54615611173034
8e283c128773e50995a97c03bc74b99b5dbb667c	-34.98245336109045	138.55733058854236	-34.98242836109045	138.55731358849854
d68646d30c590d4596a48feabfb2f742801d672b	-34.95043104578694	138.58363939072854	-34.87449104578694	138.67329737464877
68853532545f6091d932c3038f7e3845a96d5512	-34.97626482307884	138.53064439463566	-34.97626482307884	138.53064439463566
35a15485ae28e72241e17a96f7ff9a57121b0230			-33.72652024362074	150.8431976365164
060b4330cc7daef4e577618009976e55b0bfc1d3	-34.99165870340598	138.60214801666598	-34.84582770340599	138.5532502349907
6edec3baf6866cef16fa7aa77552cf7d3e15a39e	-34.982573319312685	138.5473833289602	-34.98249231931268	138.54735632897373
5761d15069353820cfa9c572841a4e37b512addd	-34.86750040361235	138.54068514819394	-34.855160403612345	138.50975511966817
a633d32896f93a784b329d8a60f2a55947c90f6b	-34.872674327522155	138.6643471873674	-34.87268132752216	138.66434018739145
b315ddd169c513d18c02821fe6f7db48f876cb4e	-34.97516464892842	138.54699173244686	-34.97516864892842	138.54697973244757
0c61acc2f9fa67817c262f5fe94114e7faa34f2c	-34.95954172974909	138.57497569126977	-34.95956372974909	138.57498669137277
56937a8de6cba96325aefe015569d8419826adcc	-34.95442297535784	138.5709870155965	-34.954424975357846	138.57091201560084
e05d4df7feb4206f01d7226d5fffd02c251e3c90	-35.01898610727112	138.54594252902888	-34.934780107271116	138.5979404616876
37ce6602be354d267509809e897e9cc0b4c08470	-34.98346732204894	138.53310396846683	-34.98347032204894	138.53294996846336
1fef93daae69fce34afae0fe79e0465d63049bb5	-33.022427690124275	137.51624690542343	-33.02244669012427	137.51615890537641
ae626403a36ca8dcfec23fbe866f61b80b5be16f	-34.86008993221368	138.515642451915	-34.93213593221368	138.5656752066229
877b34b7bf113f4b134913774ae239a13d544074	-34.89169359105492	138.58626036017	-34.92140359105491	138.64117531180764
5d7510945bd1231b42bba9547042902ada35cf1c	-35.02223985222355	138.52749686508812	-35.022243852223546	138.52751486510374
85d5d6a441c8790861268fd8a8f45f8e412745a3	-35.00985861292788	138.5455443744556	-35.00982961292788	138.54554937445653
1919c9f11e6980f305e2a25b59bf84fb9320e866	-34.885060035276474	138.63658027566152	-34.92763603527648	138.59851335671314
af55384ca02566eabb2a14e5cca4a5f6542fa5f7			-34.95175456734663	138.57042730122342
d93ea9d487c3e2d01055744b62b9ac2c5bfa2a39	-34.92714989026861	138.592128804533	-35.01899689026861	138.56667555635843
5e7b253ab78d2ab1d9b69b82926b51971673cae9	-34.95999563967924	138.55912610656586	-34.959986639679244	138.55915910661628
