polygon_id	hashed_device_id	generator_evening_lat	generator_evening_long	generator_daytime_lat	generator_daytime_long
OTR Glandore	46f8fcdf9f196b986de6af1f46261364e7512d76	-34.942065999999997	138.54554349999998	-34.83511	138.689041
OTR Glandore	bf8bdd52c7dfca0332fa83aa2ad048444f027ff6	-34.9521662705314	138.54471408695653	-34.951222575757576	138.54409654545455
OTR Glandore	ea93e059e046fa09ab15b712d49afd9a40d29c11	-34.999860393805307	138.5604850442478	-34.99454593548387	138.53630954032258
OTR Glandore	c65dc5893739762099be40bfdb17d0fe2c8e51b8	-34.954049918918919	138.56204635135134	-34.921014095238093	138.58690288888889
OTR Glandore	1202807a573b282d5db3df26c44356ce85b76615	-35.035986764705882	138.60669126470589	-34.899097142857144	138.57836157142856
OTR Glandore	4489b6b472494441e16f2be9984305d90805aa6e	-34.85964950793651	138.59152901587302	-34.859577760563383	138.59149538028169
OTR Glandore	077e9aeeb6f0712ae8ab52234c9010d4516af467	-34.95675136784741	138.54517951771118	-34.956879650887572	138.54524508284024
OTR Glandore	7903bf8f9f3e6ab1e5040cf0eb2f65ed94678240	-34.964152174285715	138.55780125285713	-34.964158306077351	138.55781789723756
OTR Glandore	f646d8ba9dfbca67c0631fb57f1dd1130b8fced8			-34.960365333333336	138.55818653333333
OTR Glandore	4a381124fa7fb17ff4077904f11db93f114bc59f			-35.041216172413797	138.54228517241378
OTR Glandore	26f8d40e2e9bb09da6be89619b6bef3903b91020	-34.841890939393942	138.63505795959597	-34.841646476190476	138.63589373015873
OTR Glandore	ab5d985dd55697d89df592decd7699c88d6c6e2b	-35.17688108695652	138.47872501242236	-35.172485488215486	138.47015473063973
OTR Glandore	b8e45460f3ee9af7c491c928f79aac25db1d073d	-34.874700477064223	138.66855364220183	-34.904047178217823	138.67122578217823
OTR Glandore	7a6bbdd8594f0800e8b4c892143ce7397d4796a7	-34.972666923076922	138.51304055384617	-34.930336829787237	138.54533365957448
OTR Glandore	fb8cf4374e21f0efe31f93e36e50f1447e44fca1	-34.948357171428569	138.55151842380951	-34.925145486111113	138.60781208333333
OTR Glandore	5d29467cfff9a87ee20bd5c1de1660daa4b95b58	-34.780507471698115	138.69928115094339	-34.755446444444445	138.65609266666667
OTR Glandore	decb34a20e1ebc7ca3550ddb6444e5d5785aba75	-34.930691629629628	138.61660451851853	-34.931126521126764	138.61493284507043
OTR Glandore	471c9f4eff4e94c52efcb14a8225bee393b36034	-35.015748863636361	138.56464954545456	-35.017125384615383	138.54306692307694
OTR Glandore	d34208928b6836099035dfda5b3eaf23a80d0c70	-35.023955588235296	138.54491677807488	-34.922910261904761	138.57854602380954
OTR Glandore	cbe9c6e453e7c0b75eb0d50d7bac970749054cb2	-34.856715580246913	138.59592298765432	-34.893622906250002	138.64414996874999
OTR Glandore	a3189b326f0db15938491341f59ecc0440805a55	-34.984613406304732	138.53097470052541	-34.984662121794869	138.53099305769231
OTR Glandore	260910c89e00a3af06303f4fb5d134e0cffd68dd	-34.959206830357139	138.55960038392857	-34.959202868852458	138.55960808196721
OTR Glandore	a665ffea4ea0f0f5f5969a2db52c6e0edbaa9466	-34.962730992125984	138.55822864566929	-34.963124800000003	138.55660727
OTR Glandore	fd8d14207be4c82ccf35faff5c26db3d33124cff	-34.968946670212766	138.56994058510639	-34.928067695652175	138.58906510869565
OTR Glandore	3e570df7b91b5d517a5b6ac7cec7d49ca759b8f0	-35.000053756172839	138.55601416358024	-35.000025391999998	138.55601720000001
OTR Glandore	d162d4884532eff67c8adf53cb403e737665d995	-34.946086425287355	138.59368134482759	-34.946470788617887	138.5932673495935
OTR Glandore	3b3ab7c90abbbc3a011041189851f7815ac1ad94	-34.763361217557254	138.65585536259542	-34.763381029629628	138.65586053333334
OTR Glandore	3f759022ff0c5310dc1d4c4fcf6b9c7ed2461dfe	-34.957605398148146	138.57668733333333	-34.957454320930232	138.57730914418605
OTR Glandore	2144f81effecafc8f3f071c0c43b41ee859df044	-34.963762000000003	138.56334000000001	-34.963773400000001	138.56334000000001
OTR Glandore	63684352d50ca1cc8f518540211f3dfd2e60baf6	-34.956507769230768	138.57109515384616	-34.956403999999999	138.57032106666668
OTR Glandore	5ff3cd02979f4b203243f59253abb0cb7a550cb3	-35.000617050000002	138.58990932500001	-35.000638651162788	138.58993688372092
OTR Glandore	404d7a8d27feb8b1d8617e51908dcfc29463fcd6			-34.9803894	138.51376099999999
OTR Glandore	17f6e6aa8eac8909a597708d9cb703dd082b6065	-34.923487745098036	138.59742327450982	-34.925388271028034	138.59736855140187
OTR Glandore	c0921108fd0f18fddc02bd94d7a0bdbcd0db51f6	-34.895597000000002	138.66432574999999	-34.720529632653061	138.66834314285714
OTR Glandore	61987a784fe280d39e008c19503ae165ea69ea5d	-35.002649989528798	138.58083191099476	-34.999614942446044	138.57876048201439
OTR Glandore	e2d5357e365e106a4a9f8fa66945f0da6995ae75	-34.655175092391303	138.67147097282609	-34.719502495798316	138.6676512857143
OTR Glandore	400a511455897642147888c6beda411a20c70b22	-35.02617879464286	138.56759577678571	-35.026140265625003	138.56759314062501
OTR Glandore	7033280191282dd52a08568d8fe8c85e992913a1	-34.964351314285715	138.51939208571429	-34.932200377049178	138.60368221311475
OTR Glandore	fbad887288211beb3f29919a78f5508f8c24bde3	-34.944750298076926	138.57116680769232	-34.9447008	138.57123356666668
OTR Glandore	05e70b931e1d89434d61122936d8c9aa52103754	-34.859627260504205	138.71464146218489	-34.85893582926829	138.71425540243902
OTR Glandore	bd813ea7fe472d76bcd86c780cbd634d0b35ebbc	-34.99037948979592	138.53264206122449	-34.990444407407409	138.53231931481483
OTR Glandore	537b5d9dc663c01671ad21d9c0b217f392ffdb9b	-34.636372582278483	138.65324035443038	-34.830541177777775	138.5998557111111
OTR Glandore	402281c8a4cd71cc2c0550a3173463fdf6737cf7	-34.992210203488369	138.72054493604651	-34.992667508474575	138.72026124576271
OTR Glandore	4b50c4c2d08439d299f3683578345c2f820d638c	-34.872085318181817	138.54022927272726	-34.871684622950816	138.54060601639344
OTR Glandore	e6d6415b63d14d65aa0804f09d112cefcb696ead	-34.972914267973856	138.51261632352941	-34.922667453744495	138.60388279735682
OTR Glandore	14fcf806a292202fb40e09ae11044d25ad74b5e0	-35.061479021739132	138.61346165217392	-34.697047400000002	138.5703005111111
OTR Glandore	75288644cea04c7b2ade9babf59255a1ad3c7748	-34.763383611320755	138.65580351320756	-34.764006221343877	138.65564827667984
OTR Glandore	9d5a1f07cdff131738004b7c97f6c404e8fa1aea	-34.96135704066986	138.56002752392345	-34.961321478102192	138.56012901824818
OTR Glandore	5be67d5df9c3691b284325fb20be90b042e89b60	-34.950355999999999	138.56875600000001		
OTR Glandore	2568209ea00e305fa57ad2a073ce97839b8a85d4	-34.896959594202897	138.53571713043479	-34.926419466666665	138.55093634444444
OTR Glandore	8697b6b628132c52649fccf88c04e44e86b09d78	-34.971963770833334	138.58308057291666	-34.972136576470589	138.58310567058822
OTR Glandore	6179f9c92ab21cc5ea4869dac0dfb90d3faa62fb	-34.880246262222222	138.66590697777778	-34.880401667597766	138.66597031284917
OTR Glandore	25311825f235cade2c91b3f9a8cb2406c20f0991	-34.928047377192982	138.56618563157895	-34.928040389380534	138.5661878761062
OTR Glandore	e46e2f7a8300ff5068a0cb19de22e6e050f28bd6	-34.968391654135338	138.56087196240603	-34.968039975806455	138.55790781451614
OTR Glandore	03bdec3fb9064eaa88b36434df24eabb31d9a93e	-35.036226247619048	138.51721781904763	-35.036474364864866	138.51719070270269
OTR Glandore	70e607db24c138c541637386708e33a70af0e891	-35.007286220588234	138.51560295588234	-35.007072756756756	138.51587799999999
OTR Glandore	33b86bd3731592af5b316c1ec85056f46883adc7				
OTR Glandore	a5760969914efbfe3c950d9169921bd0e5a187f6	-34.81856775886525	138.7050834397163	-34.818561666666668	138.7050246140351
OTR Glandore	fabf30c76e9fe6bd2e5704ff11ca72f75cb18b5b				
OTR Glandore	35a7b693bcf85a8bbc2d8f555da9a47316f60489	-34.987252333333331	138.52706074074075	-34.987367101123596	138.52737121348315
OTR Glandore	e0f613aa90beeddfa12d65325f3d453f02ba7cde	-34.957869010152287	138.55395936548223	-34.957866229885056	138.55392155172413
OTR Glandore	1a16a9235e484b589c3382a0c13fb8a8871a21b6	-34.977508740740738	138.51209064197531	-34.977709266666665	138.51143149999999
OTR Glandore	0b57cda938926ab0460b423f344ed2f50092c7ce	-34.961135641666665	138.56935671666668	-35.116677750000001	138.49926729347825
OTR Glandore	0b9ceb0f318c74cc122e197749bcb8a523c64d05	-35.067967064516132	138.65657509677419	-35.067978049180326	138.65657244262295
OTR Glandore	71c690368685d68a4d7fc4cc6262f9d526b299a6	-34.891827564516127	138.58658803225808	-34.920935073529414	138.64151373529413
OTR Glandore	344ce4ee754a976c1d0c169bb491dbf9fe3653bc	-35.128415384615387	138.51311428846154	-34.882178400000001	138.57121926666667
OTR Glandore	2fa6925faa76e825dd12008ca897299b5fce9fb1	-35.122631972972975	138.51142011486488	-35.122753420289854	138.51137450724639
OTR Glandore	0946f6f174ac0ed793dce99dfc9144b90a66fa85	-34.978417274999998	138.62342045	-34.978598575757573	138.62378783333332
OTR Glandore	4b056193236d88b614984028af0f2c8762fd38be	-34.952996753086417	138.55100006172839	-34.953644779999998	138.55047644000001
OTR Glandore	b15f6302c0cc585a0d0b0509be0339df574bd1ea	-35.0563084375	138.81154110416668	-35.056224565217391	138.81185500000001
OTR Glandore	57512ea9f1fde368153492fce8fbba69f573a3b0	-34.978336204301073	138.53625438172043	-34.929811605911333	138.60284448275863
OTR Glandore	bec3529b78f00e7eeb1b40362eb93a53715b6e4d	-34.853637272727269	138.53685832727274	-34.853826253968251	138.53654475396826
OTR Glandore	a4e57b15e2d2e34918aaf19ca5d32c591f09b14d	-34.99725081012658	138.53445643037975	-34.832369209302328	138.69023991860465
OTR Glandore	cee077d6d537f7fb134d6c4f0ff6f79566670659	-34.985174874999998	138.60577227343751	-34.985024384615386	138.60573523076923
OTR Glandore	79aab697efbaad0ba46a8ea998fcf8786ee222e5	-34.940176104651165	138.54910227906976	-35.009154034129693	138.56966276109216
OTR Glandore	c0f2fb182738a0519c59e463b301f060d12da00b	-34.964777301886791	138.53861854716982	-34.964645265306125	138.53834565306121
OTR Glandore	6ea96d7e46eae2c8caef818524d900b847030558	-34.919053651515149	138.56578203030304	-34.934785568181816	138.6025016590909
OTR Glandore	0466ba3599bab956ff8f3debcae2adc5d091e51c	-34.983383507462683	138.56603214925374	-34.98340517647059	138.56601567226892
OTR Glandore	0ccc3c19ab63771f15be5cbc0696052a96baf4e3	-35.090305038961041	138.58239084415584	-34.943674000000001	138.54954852941177
OTR Glandore	4e0f84faf6cf02beda5fb2b1fb7d6d2a336ea747	-34.977627645161292	138.52789824193547	-34.933581172413795	138.60019848275863
OTR Glandore	f69b26cc2b7e87bd6f60ec3821f52bce9369539e	-34.96952363934426	138.56211383606558	-35.014141416666668	138.61943654999999
OTR Glandore	78400ff189824611cff0de665dd4f7aea0733c84	-34.950193761589404	138.5810102781457	-34.950244761363635	138.58099601136362
OTR Glandore	7832de420a9931ce0a888de9a276fa05a281f16e	-34.954492099150144	138.54579429461756	-34.927769111111111	138.61258955555556
OTR Glandore	7522bacf9401c992c7d0aa51846206677bed713b	-34.966034224137928	138.56934153448276	-34.964611614035086	138.57028971929824
OTR Glandore	408778295aa024002bf025504d9c8a68e083c645	-34.878979571428573	138.50495518681319	-34.927641149999999	138.6096263
OTR Glandore	6fbfe1a6aad2040e3e8924b5d2c78050fd7521e7	-34.872066899390241	138.62249075609756	-34.920568666666668	138.64798500000001
OTR Glandore	238fb5ad327a76f6cce4e7f61db9ddb501712a3b	-34.982631246913577	138.55953643209875	-35.022011512820512	138.56822405128204
OTR Glandore	b027787bce12611d918a0bbc8d7618f224a092f8	-34.956510867469881	138.55656837349397	-34.956660101694915	138.55692937288134
OTR Glandore	f5eda111c8898c75249c24999f62ea3c2d65e17c	-34.925367322869953	138.57436426905829	-35.006893568750002	138.52209988749999
OTR Glandore	250a874e545f967193acf4e09aae8686fc00f8a2	-34.969470053763438	138.56396048387097	-34.96963512962963	138.5641024691358
OTR Glandore	3b4f3559a6d7b28306226c96d767953b458d203c	-34.981820225806452	138.52176383870969	-34.973965999999997	138.57208059999999
OTR Glandore	d375d8a876f1cc3eb75f01dde20d73710a57b856	-34.96524343181818	138.55647389772727	-34.934806212389383	138.60195093805311
OTR Glandore	2bb1694f895c83393a90110c756ca42f112bdb4a	-34.955851111111109	138.63637474603175	-34.955562999999998	138.63617776744186
OTR Glandore	6fce2f5594396851d90c16a041070a23b0d55e89	-34.771102608695649	138.73094382608696	-34.771701333333333	138.72995193939394
OTR Glandore	a1cc1bd8785ed83351c5960be8307d8e7de4ff19	-35.040853636363636	138.58468196256683	-34.997597131578949	138.566171
OTR Glandore	a670231cb9a3f14383aeeb0faaf06ac0c01a2eec	-34.856220498338871	138.62378372425249	-34.917136351351353	138.59400279279279
OTR Glandore	a3b1f4b06466ad43d954744b45f4197bc76c501b	-35.101568578947365	138.56092857894737	-34.993082149999999	138.57477016250002
OTR Glandore	b367df5fec91d78011c0c99a1e1d01591beb2000	-34.92814700877193	138.59100428508771	-34.92831988095238	138.5911311904762
OTR Glandore	a1cc8cd5bb59d03f714b42cded2c452aff8811cf	-34.959062707692311	138.56022196923078	-34.922745214285712	138.59987132142857
OTR Glandore	86e19e9666b917931c4c47fe890eb46f0e5f6f62	-34.974190066666665	138.51432201666665	-34.976157538461536	138.52364430769231
OTR Glandore	a698a624a233eae70e7767cd7b75f95cd6c8aff1	-34.982523527027027	138.54748767567568	-34.920917635135133	138.63035989189189
OTR Glandore	a79fbf300e61a99daa0db9101dafe89fa1b6f35d	-35.045450198347105	138.53319105785124	-35.045162318181816	138.53329813636364
OTR Glandore	1c1c64c85f78e966cf452e82a9eb1d7348d9dc28	-34.99041260869565	138.55152655652174	-34.990794813333331	138.55157426666668
OTR Glandore	258f0cdcbe556cb2dfc0a3b3d3b56aa6e5248a4a	-34.985264181034481	138.5241515948276	-34.985053165137614	138.524373146789
OTR Glandore	d2331b5e159c1637910f0aa299925b5aedf19e75	-35.134691471544713	138.53592357723576	-34.923033984276728	138.60033524213836
OTR Glandore	b85459ce1bd410288a70529a288d8ea04fb6df52	-35.053719776859502	138.60792247107437	-35.054622986666665	138.60972338666667
OTR Glandore	98f217c79f3b5834c231e22d28674070f054c8ac	-34.959395798449613	138.56641159689923	-34.956998842105264	138.56754390789473
OTR Glandore	7357bad55e817f0332070d82f3e147db1b2ef32d	-34.958284073170731	138.57179795121951	-34.955206844827586	138.57174038505747
OTR Glandore	5f1f9a36313f58a5759884cbe184318697f3b1d0	-34.959002841726615	138.64089997122301	-34.92286220467836	138.60291555555557
OTR Glandore	219ff534bf51a573ad1e673564ee77e686302660				
OTR Glandore	084444d395c72c111dc81d12dde4662f63db8f12	-34.962320853420195	138.5506185960912	-34.96282695	138.5505053375
OTR Glandore	63ad4c0af3c245305ae17c742b4ed501bb004e86	-34.940226531249998	138.5491903125	-34.94020669230769	138.54920215384615
OTR Glandore	be0366c02de32acef593c4040965e64b990bcaad				
OTR Glandore	777e2929ac6cac007c38727f1910186097dc2221	-35.021553381578947	138.51848194736843	-35.020955639225178	138.51773194915253
OTR Glandore	d9034ee1f29565fd1483383d058863c70ca0dcb3	-34.963852424242425	138.60514162121211	-34.965557387755105	138.62657914285714
OTR Glandore	6b601dd0084e9bb8d36c688cf3ad1e6ad9136ae8	-34.964228623333334	138.57716285999999	-34.92921016167665	138.54977843712575
OTR Glandore	6820e31ae627c8c32a054c74f14eefcb12c7a300	-34.936242180722893	138.54924310843373	-34.943707551724138	138.56162062068967
OTR Glandore	0714f9b8ca3390439d89d7cb6903e29d5d6ac87e	-34.904432991150443	138.51854711504424	-35.348396816091956	138.62117713793103
OTR Glandore	61c39eeb890a3c692798e088837525037e1a8ca0	-34.954283657142859	138.5994550031746	-34.95448775111111	138.5998126488889
OTR Glandore	159b4e12ebb356ccb0e1b739ef79e0ea0fca37e5	-35.081857814332245	138.55336501954397	-34.997123185483872	138.52577968548388
OTR Glandore	5b4f5cbe02f2275f83d0dd07f23b910c9c004f83	-34.987922406976743	138.52577973255814	-34.981287756756757	138.51512313513513
OTR Glandore	b0beeea80da5f458cdc92263aec2b0b55d090c5b	-34.609190202531643	138.5178794050633	-34.60916972043011	138.51803773835127
OTR Glandore	ad83d13321e53208ac3c80288d6cb5d0ad8d66da	-34.924263500000002	138.63537325000001	-34.935517444444443	138.60064519444444
OTR Glandore	1b29b337b0ce9a0d32e25c89bc5a5cd7e9fcc6ec	-34.976701902777776	138.53163593055555	-34.903531722222219	138.56736355555554
OTR Glandore	8de6f969eae3b560bceb39d96b0e5ef841999de1	-34.960618597560973	138.56738128048781	-34.96072734328358	138.56735086567164
OTR Glandore	430c0988ad3b382090b53999ec313aad85e6ca4b	-34.957068767441861	138.56699846511628	-34.928475790697675	138.59002532558139
OTR Glandore	545fe4f3ac207fde596c4a81340374b7fa11029b	-34.860931177215186	138.48494377848101	-34.861271357142854	138.48486667346938
OTR Glandore	3b2c5df0375ccfbffd4fe4e5c6c2c29322e8d42a	-34.750312297872341	138.61508499999999	-34.750008388888887	138.61515662962964
OTR Glandore	06f2c927141979e70a576aff5fa8e9ef8696de65	-34.872290203791472	138.64339103317536	-34.674287924590161	138.70214594754097
OTR Glandore	bb98ceee5d9946761d8b4dd15cd55cbb3ecf381e	-34.975552621212124	138.59359836363637	-34.9753191025641	138.59322530769231
OTR Glandore	f344179cdd588d7c963388f0d9fafde4c55337b1	-34.939184767857142	138.51293251190475	-34.938786575539567	138.51360522302159
OTR Glandore	ce0b098c8022d93d12cbc5bfa8c81d8a177d9a87	-34.69319161417323	138.71133344094488	-34.692971258823526	138.71143721176472
OTR Glandore	bd435d0a40b795606865b23db3fcd54b310f5ab1	-34.973141686666665	138.53310959333334	-34.97301220833333	138.53284578124999
OTR Glandore	c081e188ec9dadc96446603b6a8ad77a53b8f27f	-34.957847654867258	138.56610297345134	-34.957727725274729	138.56609283516482
OTR Glandore	e45e17b4378e32b498761d0cad2a43db7a249619	-35.002626035294121	138.54151098235295	-34.927256564102564	138.60205643589742
OTR Glandore	5e9f31061cb754cb33229c5a44a6d06caecd0f22	-35.023944961038964	138.54495546753247	-35.023998785714284	138.54492102380954
OTR Glandore	d6a190dbe5bddc5d305d60ce7415765b11570c21	-34.684751732558141	138.70022875581395	-34.684354755102042	138.70077785714284
OTR Glandore	654fd1dcab2eb721aa0e26fa183e502eab8ea387	-34.965961647058826	138.5291196764706	-35.015856020408165	138.54661436734693
OTR Glandore	16b2a477f15953b8fbb378c8b8f841141f67733b	-34.876379366972479	138.56033409174313	-34.980719481818184	138.57017370909091
OTR Glandore	276ab48ba6b73891c49d8e68e89f1e08cf6a713f	-34.866958190140842	138.70349402816902	-34.866763581818184	138.70327770909091
OTR Glandore	85f8fc3c4fe35d49b88ac89404d4a9d7f9073109	-34.81856070621469	138.70507169491526	-34.818386007352942	138.70480972058823
OTR Glandore	591e0dbe5d82fd9b8755e28c46bf66c59c696b53	-34.973786310000001	138.57984542	-35.128695874999998	138.53241252777778
OTR Glandore	46f08ed6ce4395729b7e82a2775ec7f2fef58f5a	-34.983269330708659	138.54020220472441	-34.983921962499998	138.54568623750001
OTR Glandore	13ab1867733f60773c78bee08670d6c544d745bf	-35.136458562043799	138.47351599270073	-34.948773125000002	138.52158323437499
OTR Glandore	eae759e40c79066a98132349e2fdb8f53a259ddf	-34.910273774774772	138.54909000900901	-34.909513553846153	138.54925364615386
OTR Glandore	e1b4c4241bb20c760b0cc459ff3aef6f9e26ef6d	-34.705558817073168	138.68433452439024	-34.705008566666663	138.68468533333333
OTR Glandore	9c1516c21fc30b4ece6e4a3dc794d106b091c0dc	-34.951390925170067	138.56764801360544	-34.951558150943399	138.56754856603774
OTR Glandore	32d50f7beb090d1501d3b39a5e8cd671b1c77c75	-34.824566394736841	138.68111350000001	-34.920528599999997	138.58824745454547
OTR Glandore	e1a325e9618d5bc882515cf5d312a62a3df5d53b	-34.954658577142858	138.57056874857142	-34.955527765625	138.570563453125
OTR Glandore	8c44a9004b6d22679d9df3a1aaf522aa03603a96	-34.952532419047621	138.5803042	-34.88044547457627	138.49747600000001
OTR Glandore	34d0ab102f566cc6150ebffd3f541b02d7ec8b83	-34.977471874396137	138.56810814492755	-34.977447545454545	138.56827432727272
OTR Glandore	c5dab9ce12f3eea5193e3be9b2b983c8b47fe676	-34.880257318181819	138.66592177272727	-34.879962499999998	138.66524278333333
OTR Glandore	a5f7e4ad6149f0cca33a9fd6f2e14f80a6731f38	-35.082536689655171	138.50893424827586	-35.081273425531919	138.51074080851063
OTR Glandore	f8d47168ff3ed81d3757d7fa3d529de571247a29	-34.891268750000002	138.58469400000001	-34.935597000000001	138.53570981818183
OTR Glandore	8591bd88eb089e8f864316ead73144611ed3e6d6	-35.013748758064516	138.5392374032258	-34.992552406249999	138.57158103124999
OTR Glandore	0be5214ea33e39ed05153af89f9cfd7dec3aee9b	-34.981323797619048	138.56006135119048	-34.981322904761903	138.56005576190475
OTR Glandore	0ab9aae1d5aac9a8510f8737017fedc23573ab9e	-34.950201991111108	138.58097292444444	-34.950143729411764	138.58084956470589
OTR Glandore	0b2077e3ee921a28fdc0e7215c64b5ee3e03e924	-34.969159142857144	138.5383959047619	-34.924652894736845	138.60018942105262
OTR Glandore	ee329346e6a9574587c82ebf2251be893f6fc894	-34.951603943396229	138.55643253773584	-34.952835461538463	138.55762443269231
OTR Glandore	aeaba1ae0b801cdd39d88351ae84862596ee3554	-34.996784613636365	138.51373560227273	-34.996761255813951	138.51337879069769
OTR Glandore	c54733e31eb3f6839878629d8cf214b2bb859acb	-34.889649932038836	138.58331805825242	-34.889909949152546	138.58296183050848
OTR Glandore	900b0b3ac06d81247c5ed0b365d2c4b0ea6d6128	-34.937821813432834	138.56448033582089	-34.937774035714284	138.56460899999999
OTR Glandore	e1aec9acb25c2475faa8111d3c0c1d1f1061f256	-34.964199725099604	138.6164773625498	-34.945973186170214	138.58103625000001
OTR Glandore	4674cd9803a2f75e952df7fe9b3b68cf572d2a93	-35.081743833333334	138.51451158333333	-35.081190442211053	138.51441761809045
OTR Glandore	b2ff601e855055a7654ccbaef4b758a29a53c749	-34.986156535714287	138.52935414285713	-34.986068065420561	138.5285350280374
OTR Glandore	80dd5e15bbeb43ba44ddd96a968eabad8270e834	-34.891867070512824	138.50135219871794	-34.891867925	138.50136874999998
OTR Glandore	14797d99336c9e658bf153ae2119029b9aa03df1				
OTR Glandore	10d82e7ac9b10b221dda00ac5dde87862a5777b7	-35.028174256097557	138.52332678048779	-35.027888186868687	138.52317287373737
OTR Glandore	389c0cc9ffb57ca52d1af3409fc285010496b90f	-34.96263176623377	138.60627487012988	-35.00043339175258	138.62164723711339
OTR Glandore	6dd86ae531c4c470827a02cb80b10af4fe44e675	-34.952378459016394	138.55990972131147	-34.952459120689653	138.55882084482758
OTR Glandore	707037e50e9cc72bb885fd2ecb8b89bfdcb3993a	-34.958310621621621	138.56253147972973	-34.720096431034484	138.66892200000001
OTR Glandore	8ba5283eee07c632aa8c8e9a5997af1ff2e5d093	-34.819609051724136	138.62492993965517	-34.820619036036035	138.62395898198199
OTR Glandore	2b0f6ba0ec276a659c82aea47c155f8696d551df	-35.00733605263158	138.58466849122806	-35.007102333333336	138.58427702777777
OTR Glandore	12483ccc53ccb1e94482a8ee727ec581f657effd	-34.950009999999999	138.72998999999999	-34.962853517241378	138.73412087931032
OTR Glandore	927d450bb3a8e064b709b2581c60d4fee5e94efc	-34.955673225490195	138.57048138235294	-34.956220637362634	138.57008550549452
OTR Glandore	46dba1919795ea148f779a0aa8d687d2940484e3	-34.975932043478259	138.60204430434783	-34.960747444444443	138.615365
OTR Glandore	0becc276848d405cf653f2714b1e1ccf325ee64c	-34.826464006622516	138.67074670860927	-34.98371780952381	138.59995257142859
OTR Glandore	71a9895dc326525ebbe9379e0e9ce05b5b44acac	-34.863606843749999	138.64369637499999	-34.922876680000002	138.60094419999999
OTR Glandore	a3aa2cac58d709e87b72ec7c9b285c17aefb142c	-35.015901870370371	138.53996844444444	-35.015740428571426	138.54007528571429
OTR Glandore	2cb340ec3164eab38058bd46953d7639dda85001	-34.702321376811597	138.70763242753623	-34.702688690909092	138.7092057090909
OTR Glandore	5784cd8247ec48a9b16baad218b19f69e286d67f	-34.930850601351352	138.61669640540541	-34.930282304347827	138.61573860869566
OTR Glandore	faee44c550d0d2e7bf21f7b1921494e6be592f82	-34.977478166666664	138.51100134722222		
OTR Glandore	82834b6f7f3a09c1a0768f718b36898abe921799	-34.95732667073171	138.61319330487805	-34.9272232	138.60205125714285
OTR Glandore	22ae4d0a18f6eb112a06d399954deb5e1eedb33b	-34.980756690476191	138.52134221428571	-34.980620866666669	138.5209298
OTR Glandore	a7b18d72f868860882342aa4f34778e776a67c4b	-34.964767704545451	138.57033949999999	-34.965136047619048	138.57076247619048
OTR Glandore	601f06625130af0dabcba9c1f378af20d543b0dc	-34.963258102777779	138.5688011138889	-34.963343696969694	138.56877657575757
OTR Glandore	f64747b3050219f8d3c238c1b57ad0cc233d5fa7	-35.068482302564099	138.60384279487181	-35.069121468749998	138.60309460937501
OTR Glandore	e10f37ec4111c05970f6a4c4130e786d1ad0ccb3	-34.703366605263156	138.67153028947368	-34.926895393939397	138.5442593939394
OTR Glandore	92187b4e2a90be2f12559ea73281dbc9eded7dbc	-35.094811116504857	138.54838993203884	-35.094808999999998	138.54841871428573
OTR Glandore	e1a5ae23df98e8254ed0b04354ec167d8f42d4a0	-34.996749586206896	138.58218784482759	-34.956496028571429	138.56560057142858
OTR Glandore	156aea757c3fc36fc642a849620560a3b8a02a34	-35.014012618644067	138.5741027881356	-35.081071000000001	138.51409988636362
OTR Glandore	6d148a54c5314b56bcb7fc650b39346c939ff674	-34.971726648936169	138.63337219680852	-34.971668783333335	138.63312055
OTR Glandore	243ec9ef59c1b31b697dd78efe1aa38049e58927	-34.855858043918921	138.59740652027028	-34.856231906474818	138.59791061870504
OTR Glandore	aa5658c11647cf1920da0628e3acad1396ddefd2	-34.890281999999999	138.67034013698631	-34.89024234090909	138.67011336363637
OTR Glandore	01ec12de5dd7d227f288c2b3ac36c1ea667d6706	-35.129915125000004	138.49120725	-34.83782960869565	138.564503
OTR Glandore	ddb9448b720350ac3a9a1a8e285f7681a0ae5264	-34.983048778947371	138.52781139999999	-34.969464090909092	138.52091977272727
OTR Glandore	c5f4d4bc7ae3d5646d3224e6cc136d9a1aee83f4	-34.739947912751681	138.67918818791946	-34.740047576470587	138.67910352941178
OTR Glandore	8985b59a223e3ed9f89bd631b1d706898ae6032f	-34.885374266666666	138.60969120000001	-34.885165373333336	138.61427366666666
OTR Glandore	387c0e258d8eb90ca7f86594ca63b162c3d35236	-35.070414859756099	138.52298664024391	-35.070372333333331	138.5230770229885
OTR Glandore	2f84caaccb667eb7cc8d21e29d426f9e6e7826b5	-34.939837513157897	138.5649820131579	-34.939951973333336	138.56480936
OTR Glandore	a199e40ac09579776dc205956b8c0f5af02eaa46	-34.902750587500002	138.56584040000001	-34.902896242424241	138.56598636363637
OTR Glandore	df6a35ee40020fc64f0ce6280e98e25ed348ab44	-35.058767462962962	138.59106796296297	-35.072155222222221	138.59849953333332
OTR Glandore	66dd7589837b9e889f49e17e516b9303d8cd4b20	-35.006523670454548	138.54529915909092		
OTR Glandore	d88b7216d626adc57b9ae1c01abab18478250875	-34.984827149659864	138.5438378367347	-34.980893197916664	138.51656010416667
OTR Glandore	18b5fda15469c10416f406cdc8d311eac56ea788	-34.959226591836732	138.63731857142858	-34.967417441176472	138.58769735294118
OTR Glandore	49b7c75a502c649782e12dcfc74c40fe3dee5613	-34.877402690476188	138.53317489285715	-34.877407460905353	138.53329790123456
OTR Glandore	27136c890569da8f79bef16bfe586d2b6f494114	-34.864203431472085	138.55340063959392	-34.864125045045043	138.5538284054054
OTR Glandore	a737565a92e3dd7d1459962e0debd81b418b3760	-34.904007321428573	138.69090511038962	-34.967959585714283	138.51634895000001
OTR Glandore	20c300724d7f4ba6f20579f39339c8849be9e37e	-34.966689150537633	138.56587310215053	-34.966642743999998	138.56591355200001
OTR Glandore	206e802391727390a74f92fd8948c4c40107a28d	-34.964536822916664	138.61846158854166	-34.964500098901098	138.61864494505494
OTR Glandore	ff7b449c61617a146e974963ea2208afc864d713	-34.841358981481484	138.63499966666666	-34.841715488888887	138.63584017777777
OTR Glandore	f5822704ff6f3b31620343b19c901c5fad42177b	-34.971819210659895	138.59297350507615	-34.9717934549763	138.59295471563982
OTR Glandore	6663cf184b8eceef643a14d62f3a7ebd84774719	-34.987292097142856	138.51134276571429	-34.927779473684211	138.60961973684212
OTR Glandore	aa991c2ec42e020923ee76e254060ecf667875ca	-34.954076318385653	138.56104112107624	-34.954382292817677	138.56112842541435
OTR Glandore	2a3a81dad93f383d647b651b5c2c4f34b934d103	-34.929009955223883	138.61194653731343	-34.929051999999999	138.61471650000001
OTR Glandore	e9ec0264aff3a5ee38f92c8ae216d3b002661c7b	-34.846399576470588	138.70908734117646	-34.846410919117645	138.70905916911764
OTR Glandore	3a5090c940f840817d61b3f3aacf51adcbd1a529	-35.064665708333337	138.51326780555556	-34.975099821428572	138.5379504642857
OTR Glandore	29f9a8ea04e311e2becc171c7f174d4a87b0d66e	-34.800736680965144	138.65699572654157	-34.800769341584157	138.65704271782178
OTR Glandore	6c03cba7cf69763aea9dc22d4ff22f43dad8917c	-34.688764240740738	138.67693374074074	-34.688760188235293	138.67696668235294
OTR Glandore	9bb7720d5eadbadb6a9498e2c26a06b4a8400905	-35.011287794258372	138.55172428229665	-35.011343752941173	138.55154024705882
OTR Glandore	eb0512f39f80944b217096937b79e53521bcfb03	-34.977449191176468	138.52170535294118	-34.977366133333334	138.52156846666668
OTR Glandore	44c085636ffc0d3d758a9bdb173cf52a9c783298	-34.844971370370374	138.70256262037037	-35.110197533333334	138.50726663333333
OTR Glandore	ac8dffe8cbf149a2ccc896c535bc45b885e2a68c	-34.921001342857146	138.54258538571429	-34.921452487804878	138.54287160975611
OTR Glandore	8d2600483399b2eca314b46b02a55cf36f92da26	-34.960191358974356	138.56740792307693	-34.960697617021275	138.57329187234043
OTR Glandore	cda7bec8dc0fc96f06bea8e9d4738c60ab0fc63f	-35.078210496453899	138.60755595744681	-35.016418084507045	138.52305354929578
OTR Glandore	f76052e22594e7689c15ff7451e6aaf059bc4ef3	-34.934727472727275	138.665064	-34.930022536585369	138.66967170731706
OTR Glandore	526cdd5e33aa0caa2ffdfa181943e0bc831ad173	-35.010037069767442	138.53620007558141	-35.010002481818184	138.53619699999999
OTR Glandore	0539848bde66ded7c7acc8b45979684c54948fc9	-34.960250682119202	138.5791274370861	-34.961757720000001	138.58021213333333
OTR Glandore	5ed9b86290a969991619ee8d9b9f4b08db2ff600	-34.964648035353534	138.56820277272726	-34.964367211382111	138.56876206504066
OTR Glandore	4d28c54e7fdada2123b0d38815c16b111b17a608	-34.854315552631576	138.67320136842105	-34.84485110526316	138.62351200000001
OTR Glandore	8cc9e9afdd9d77e5cb6cb8c3a292de0749609431	-34.803324556701028	138.61482425773195	-34.811743233009707	138.61952232038834
OTR Glandore	c63b5de3633b3339694c7e81d38628f5f2e5dada	-35.054180027210883	138.61894254421767	-35.054196742857144	138.61894720000001
OTR Glandore	400d539e5013657f621a45bc871bbaebf244a4c8	-34.952995261421322	138.56868181979695	-34.953119015228424	138.56855872588832
OTR Glandore	a981c3b7349f508c648e053253370951c730e719	-35.084946817777777	138.52748270222222	-34.879749473684207	138.48904628947369
OTR Glandore	f8918f28a4dc83a013d9bc5a286bcb1f926ba0b9	-34.971390188679244	138.55139172641509	-34.967232397058822	138.58844551470588
OTR Glandore	970f62df24405b821d93b054ec665fbda3c91cba	-34.962968649006619	138.56095964238412	-34.927599210191083	138.59852310191084
OTR Glandore	dc1f147e46ea6e62636ab4d9fcd478c44cdf43b6	-34.960194774869109	138.56715532984293	-34.960227494505496	138.56756513186812
OTR Glandore	c5ce18717aa8f9c65609754bb52d9c4fefef62d5	-34.87559300862069	138.59024707758621	-34.934962807692308	138.57393178571428
OTR Glandore	d1e0d1b75e9b8e87289ea79a2a3cd4eb07a636ac	-34.905708186111113	138.59842148333334	-34.871945141414137	138.54013864646464
OTR Glandore	b006c3bdfb78722282e969071d8b8863bafcdebf	-34.950945753768842	138.54388374874372	-34.998711317647057	138.56614148235295
OTR Glandore	7ee68050b43a1e299bd5631b6427871898e5a0b2	-34.949755594594592	138.65171267567567	-34.948988179104475	138.65181283582089
OTR Glandore	67ee28ad52e14070cab73967f4680ea56a50a4b1	-34.959684833333334	138.53512629166667	-34.959610522727274	138.53508306818182
OTR Glandore	8b96bceb2a64ad22f4981d60f97d9031fa441a8d	-35.044574093333331	138.53929654666666	-35.04452237209302	138.53927060465116
OTR Glandore	8ba86cbc8f0355320c68e3578f325b3e79084c27	-34.94459475886525	138.57464292907801	-34.944576345864661	138.57462713533835
OTR Glandore	a1c76967fc59cf91df606bbf903d76fc86534f00	-35.01267121311475	138.54763460655738	-35.01266195652174	138.54767442173915
OTR Glandore	38e7ff42aa2f26a3a45c3b6bb8940d1d054fe87f	-34.958442690140842	138.56531670422535	-34.842053525423729	138.5171692542373
OTR Glandore	ceeba0ff6b6af294b0abfe79784222a918768a1f	-34.916101957575755	138.68003025454544	-34.916216870967745	138.67945252688173
OTR Glandore	82a43fbdf6dd4db6b39bb58fafe75c40d58f75be	-34.948046662499998	138.57372889062501	-34.944096222222221	138.60720409750567
OTR Glandore	a824e210f60a8f59a78dcc68fe48ffd66ec5349e	-34.997315135802467	138.51764709876542	-34.997285264150946	138.51772735849056
OTR Glandore	1945e7cfa5577ee1b0dbafde0ec087b0c723520f	-34.985943416666665	138.58668524333333	-34.98594633986928	138.58668409803923
OTR Glandore	4e47f031d50bdc82433b9d7ca41d8cfe1e764aaf	-34.751114999999999	138.59195716666665	-34.769032377358492	138.66613441509435
OTR Glandore	17d92b3fd207dc6ef82dc2cbd040ecf1441b7e9a	-34.964322023076924	138.53730763076922	-34.964373950495052	138.53728372277229
OTR Glandore	9dfc773b623c366fec5ea86391d383815994947a	-34.995970891752577	138.53771809278351	-34.996167453124997	138.53755485937501
OTR Glandore	acfb95c5285ea0999430412979c8e3339ca02599	-34.953610363076926	138.57355001846153	-34.953603885416669	138.57349991666666
OTR Glandore	08509a5b28c6021689248b161b09bb31e35b3f10	-34.962960848484848	138.55579154545455	-34.962874446153847	138.55563532307693
OTR Glandore	8e58e880f5b7113dd6d29c29996391a527f324b8	-34.955445383810186	138.56750021214236	-34.95628675824176	138.56557832967033
OTR Glandore	8976505ec35b2267083cf7f22f68d0e0106bf589	-34.951744417721521	138.5704315063291	-34.953274293478259	138.5698089347826
OTR Glandore	ab5e9b2b5c816a1a191cdd39b078d4693efa9563	-35.015837901408453	138.54944752112675	-35.016001684210529	138.54917847368421
OTR Glandore	6ce0acee944faf1d1ea319bb058f5d388fa8559b	-34.956122148648646	138.56999920270269	-34.95613061666667	138.57001068333332
OTR Glandore	eff634bf0e3d61a7c3a7dc1f772ebd80d452c665	-34.874898485714283	138.57537001071429	-34.874799448979594	138.5756743877551
OTR Glandore	61a0c9b3c102f460aceafe4f6cd85f58ba964ccf	-34.747723444444446	138.60464697979799	-34.747850604938272	138.60436353086419
OTR Glandore	c22a808840ff180da957e82e1144ee898cba3cb2	-34.972471053254438	138.52250816568048	-34.99432909708738	138.52079147572815
OTR Glandore	e6c1502e0dad8e24c88a9496df73f676b560198b	-34.967166799212599	138.57242592519685	-34.966379417721519	138.57096749367088
OTR Glandore	bdf5ebf9a8e048847a6a5f8559cd130f37f61517	-34.97762705204461	138.55108614869889	-34.977286718390808	138.55103907471263
OTR Glandore	29f361de272f3ec589ae83e11a0ecc24f2acfb2e	-34.952730065573768	138.55911722950819	-34.954026428571431	138.55801597619046
OTR Glandore	dc28188232ea1627a7a981972e4ad5eb359a5c5b			-34.998431875000001	138.56593920833333
OTR Glandore	e5f770c97efc35151781a0bc6c0a9381e2d6c249	-34.976386159090907	138.53634163636363	-34.976156174757278	138.53632524271845
OTR Glandore	c6b1fe881a7e4de6e44eea0c280f43a12818c282			-34.45511061111111	138.35063261111111
OTR Glandore	dbeccc699ddf0f33ce0fb0855e6439a9f8a7de9d	-34.936673772727275	138.53473577272729	-34.9364937245509	138.53416033532935
OTR Glandore	de24f8c678515c57cd4b1bd8c877afcff3f5a23c	-34.979062837500003	138.5129146875	-34.979446030769232	138.51292812307693
OTR Glandore	bacef8d937c0de22862df574a327d1f94b8dbe61	-34.98246331270358	138.55971726710098	-34.982590446043169	138.55961522302158
OTR Glandore	096185bcd9c4be96e677e1b315f21d45018fe139	-35.16574	138.47158838255032	-34.98047965789474	138.51196344736843
OTR Glandore	abdd05a4647563c25558061ab16ad09dab9d7a16	-34.957030392473115	138.55848890322579	-34.925346011904765	138.59885883333334
OTR Glandore	5ad6c68dc41557cc7488e716662e279ab7f16100	-35.070587571428568	138.5184826	-34.975615018867927	138.55588990566037
OTR Glandore	ff407e0838372ee08b7b71a217c02b60dbb7709e	-34.983864157894736	138.55811060526315	-34.99245671111111	138.59074764444443
OTR Glandore	5dd671623f7437c2de104ce1c74706bd5a8ba017	-34.995317401812692	138.56815392749246	-34.994451241509431	138.56968224528302
OTR Glandore	2ad1850d29d3462e286a39b7a5a881ae80c2655d	-35.071368499999998	138.52084915151516	-35.070709127659576	138.52191863829788
OTR Glandore	1f18758add731ab419e42decb9cd61846714256b	-34.966868865853662	138.5949493902439	-34.966861735294117	138.59490455882352
OTR Glandore	df3e414d52fa3620cd1d880afbe46ae094000f24	-34.785746175675676	138.65905090540539	-34.785524809523807	138.65870422222221
OTR Glandore	65c7583751e54458ecdc54d60db901802c5715c1	-35.02195504860088	138.54829199852725	-35.021935005847951	138.54828422222221
OTR Glandore	ae433a3932f17ad7a486d17b3c4389addd8e47bb	-34.96029130612245	138.56104951020407	-34.97699876190476	138.5906612095238
OTR Glandore	b6f6d5e2fabb286bd2c8368971418a4708b8840d	-35.180575021897809	138.47999373722627	-34.943832628318582	138.57897724778761
OTR Glandore	f96b18639654d1c1f2ca0b93f8124f1da8a5f96e	-34.96138622344322	138.56007744322343	-34.962259948497852	138.55864417167382
OTR Glandore	4b8acce9b8d9ac5125ac660da9ec89ca8c672155				
OTR Glandore	c2253a83bfb72afe946f8d63c481c0f784d191b2	-34.921216677777778	138.51465946666667	-34.921252433962266	138.5146912264151
OTR Glandore	2aac9abbf7ac7c4419ada26aef893cd3ffac1561	-34.95664420833333	138.54483144444444	-34.955911888888892	138.54544840740741
OTR Glandore	81a8858dd7059fd19aeee4b59d86e6b20031c641	-34.984435625000003	138.54837161538461	-34.746882499999998	138.66612480000001
OTR Glandore	15b8cfe07af743dece113704fe52f369e1d66790	-34.930813814285713	138.61710927142857	-34.930765789473682	138.61661191228069
OTR Glandore	2d2885fd783e5997a8ba0ec9758f828ad9b09581				
OTR Glandore	f58595b1a3b72883deeec605909e70c305e5581a	-35.000662923076924	138.57218232307693	-34.980248818181821	138.52834205454545
OTR Glandore	9488d309e144acc1ef0ef6e174eeeaa7473ea4bc	-34.959345516930021	138.56788251467268	-34.959653808656036	138.5678901093394
OTR Glandore	f079d6a160f43f9fafdb86ebafaa7943bcc468f0	-34.866179333333335	138.61583838888887	-34.945365457446812	138.58648881914894
OTR Glandore	70489014bc330f17aa600328bb3960a2bae1f042	-34.955792000000002	138.56947299999999		
OTR Glandore	dfcbb8b7f9a4254b229c55b466497b02b6575edc	-34.964384510204084	138.56140418367346	-34.92616698795181	138.58695446987952
OTR Glandore	2c50b99d46a63fcea4d91180f1f12dd2bc8ec75e	-34.856146473684213	138.66312457894736	-34.924399571428573	138.56058457142856
OTR Glandore	9e82d5225feb553f070d2fa68a1be749a20fa879	-35.050625198347106	138.57525380165291	-35.050373290322582	138.57543038709679
OTR Glandore	1b6db62fe139fe0453628d6fe730013495a0efa4				
OTR Glandore	6c50eca4048347880e5dcd7c22a1a6ce5ef4fcc0	-35.009894713178291	138.61073403488373	-34.779921989473685	138.63209055789474
OTR Glandore	caed0a9648ed0804b0a078779458d70fb9fd7f20	-35.177492923076926	138.47955374089068	-34.954868294117645	138.5689142614379
OTR Glandore	c464f4271e4943b4ca53057840ebc6d900800496	-34.959627731481483	138.56942253703704	-34.957969786324789	138.57023035042735
OTR Glandore	4080ff5c0210cd0231141625fbdeceb4e6f9ee34	-35.003268107526878	138.54287077419355	-35.016735214285717	138.54293135714286
OTR Glandore	9e2804ca903fecbf615e4c67beea072dcd5b7e3f	-34.926183047619048	138.58796102380953	-35.01030793333333	138.5820234
OTR Glandore	699d4618dc60ff1bc5243a93972b0f745ed5a5d9	-34.978557794392522	138.5274991588785	-34.926318424731186	138.60240268279568
OTR Glandore	dcbaa0889a2fdea2c5075bdb711332293026fab8	-34.949000761194029	138.57096897014927	-34.948634580000004	138.57102992
OTR Glandore	60b6ea045ba572f25b152c43e75f0db504e32b03	-35.072882852272727	138.61270996590909	-35.072664458333335	138.61234691666667
OTR Glandore	a809a5399299c160040da23165a03b37048de987	-34.970903933734938	138.59362953614459	-34.943447170454547	138.56542046590909
OTR Glandore	cda7a0b2e6c3842c7d4307f0ff7cd1f94adc5f32	-35.021957152112677	138.5298608225352	-35.021843261682243	138.52972638317758
OTR Glandore	6bc28d200a117439ed3481d37c7d4287902c93d7	-34.80714201694915	138.61128584745762	-34.807134275000003	138.61126974999999
OTR Glandore	0f17ccf554c9e34ef293d7b1f480d7d22d661b24	-35.020387903225803	138.52068377419354	-35.020173810344829	138.52128659482759
OTR Glandore	62e331c4ead84baa2d8ec3827c03a2534c396137	-34.937137514705881	138.55621600000001	-34.937053523364483	138.55629993457944
OTR Glandore	d812ec0386e9b402495edecb83c669a0304cd65f	-35.049556636363633	138.51408334848486	-35.048916287878789	138.51426443939394
OTR Glandore	9507e192fdd44dac944700e7642593bef06c493f	-34.967063306569344	138.53827064963502	-34.966993649999999	138.53814887857143
OTR Glandore	82aa59642ec59dc8d0126f1496cfc5d83d481f5f	-34.92259658333333	138.59154878333334	-34.961292106382977	138.54683008510639
OTR Glandore	4ad5b5434134395dd1499f650025e6af26a71a07	-34.857984500000001	138.67950481818181	-34.857029827586203	138.69297265517241
OTR Glandore	2c03911ce2e6bdb04f78da2520a0699f3cc229c6	-34.79723513095238	138.7137317142857	-34.561915204081636	138.92894214285715
OTR Glandore	b724bada2872c7a4887eaa2872607ca2f58adc79	-34.985975679012348	138.56377298765432	-34.984125943661972	138.56575514084508
OTR Glandore	2cf8ec845a1993bd8f72f5cb3e25f34c59876099	-34.961766317365267	138.62688311377246	-34.961766290697675	138.62689237209304
OTR Glandore	30faeda59467e29cabbe148a396de0cdb1e27a56	-34.858664599999997	138.52155728	-34.934568161764709	138.59357755882354
OTR Glandore	3800ed2471eb3c293aa510743a0816423d4b510c	-35.256340982142859	138.90519157142856	-35.123255657142856	138.52395974285713
OTR Glandore	b852f8b60f97cca8388bdf75f2746b9995c14a56	-34.950381619047619	138.5833301802721	-34.950384164179106	138.58292552985074
OTR Glandore	69fc7cf37e59e4261473b93017de2acfde599f21	-34.934504511235957	138.60805503932585	-34.93446326851852	138.6085125925926
OTR Glandore	7ca28bd2107aa31c37f43b120dfbaebb2d63f547	-34.962573190476192	138.5740267857143	-34.927809617283948	138.59021508641976
OTR Glandore	95a36873889fcbb505c15dfd08df9ae49c6e8532	-34.889024533333334	138.56899873333333	-34.88882768115942	138.56584617391303
OTR Glandore	12ef2e6943946bc97f5ecd4cb8c040345b682b24	-35.012835283185844	138.56064910619469	-35.012668758064514	138.56078212903225
OTR Glandore	ed3b0c45508315792f1aa7a3bcf30498393cbf93	-34.762594605042018	138.65315659663867	-34.762713955752211	138.65302370796459
OTR Glandore	5d08d01d3d7d4d6b26e6104e370fd5172d830fc3	-34.975203832474229	138.62125737628867	-34.975124714285712	138.62166287012988
OTR Glandore	8bd41e2deea2ef32a3f3aadcf578401ef5bcdd06	-34.971887981042656	138.51459709478672	-34.934777292682924	138.61501368292684
OTR Glandore	bd45a482ce331cc46e21b2024f84a035c832bb90	-34.957796230769233	138.61701792307693	-34.889601228571429	138.59185202857142
OTR Glandore	9b1d7b52c85256777cd210bc007b395759fa962f	-35.147076824175826	138.53539273626373	-35.146519851851849	138.53542611111112
OTR Glandore	e337003ac38aa40c2448bf9faf7a72f28166ff81	-34.927307222222225	138.59573581481482	-34.946456389473681	138.56604330526315
OTR Glandore	d5e1a097cb5d08e2bb0fa3958cd0217ac406aef2	-34.985721098765431	138.5797027654321	-34.922384089285714	138.5765252857143
OTR Glandore	866e835d916cb405d75541da6d7b883c36e61113	-34.974532561403507	138.54916329824562	-34.974489749999996	138.54911792187499
OTR Glandore	d6ea0cee7ed9ba7db7fd2a5fd48482f77bfe6606	-34.840317231707317	138.66364384146343	-34.829194494382023	138.64677001123596
OTR Glandore	fd305cc164d76070f416440fb3a884207a9d9ecf	-34.955960434389141	138.5698094072398	-34.955791544973543	138.56982804232803
OTR Glandore	6f12268134a7a23a0694128f5d3919bd974381d8	-34.971664164122139	138.56848222900763	-34.971388739884397	138.56865398843931
OTR Glandore	57b5d19d349d498641ddd32ec375a01bac283aa5	-35.007858622047245	138.53104139370078	-35.008203770992367	138.53252051145037
OTR Glandore	e7dc1eeb7673dd5ecd412f876ec428f9e4f4710c	-34.967824983333337	138.52906125833334	-34.967796610619466	138.52888127433627
OTR Glandore	912c421dae84d34a37ad600ae8956cfbaf9105f0	-34.961198642857141	138.57827064285715	-34.926989673076925	138.60867778846153
OTR Glandore	8b9719210126621008ade5ab958733f9df7c7e17	-34.942656386363637	138.5783066534091	-34.942776029999997	138.57822906000001
OTR Glandore	5507150881c1ab85557d98e4960910d569683a10	-34.957755197530865	138.58643862962964	-34.957900054794521	138.58671994520549
OTR Glandore	1f5fe9d01f974cfa8f1da5807cb26294f616dc1b	-34.879119285714289	138.61924224489795	-34.899565473684213	138.58057878947369
OTR Glandore	c58e095ccda21ce999403f699ebcd4a30d35aeba	-34.936488191780825	138.67342008219177	-34.876851486111114	138.69823933333333
OTR Glandore	fad93e761fe1d31066dad7d2cd82490d0b29538e	-34.977353555555553	138.51217742962962	-35.002127896551727	138.55342060344827
OTR Glandore	b42fe7ba43521f19b08bfd763f45dbb5f9c3efb8	-35.067182639618139	138.52168843675418	-35.066978757575761	138.52174906666667
OTR Glandore	4e8fc2573b625081266a208575fb8ced21967a8e	-34.937825139013455	138.50226293273542	-34.937813941176472	138.50227803743317
OTR Glandore	b9154841d3249db571a7a178d9f391e629a6dc89	-34.952125512048191	138.569369686747	-34.930489399999999	138.60038219999998
OTR Glandore	c6396df50b37fdd48845570918a15149f7f7276a	-34.942658823529413	138.57830021323531	-34.942819064516129	138.57820612903225
OTR Glandore	76ee31862d191fd34c0a63b8f21c279f720dfe30	-34.994754800000003	138.597747	-34.929550999999996	138.59692210526316
OTR Glandore	cc56961e11cd6017cc4a26cd5d9eb8083754a020	-34.958985210256408	138.56021273846153	-34.980139701388886	138.51695720833334
OTR Glandore	6e7b3327a1dd71d89418000046659c9523d67406	-34.949439353741496	138.59801374829931	-34.949800767441857	138.59921073643412
OTR Glandore	1611d89c7f92b356b3306b556b8f9588e125b8bc	-34.533109714285715	138.7505445510204	-34.92676962745098	138.62362343137255
OTR Glandore	a8374e193af006de7eabcae8b716d9c7de96665e	-34.900140506493507	138.54950374025975	-35.011105487804876	138.55111673170731
OTR Glandore	322f1fce4743ce8bb419027d560215d2c92b8f01	-35.074121975308643	138.60418587037037	-35.074077824175824	138.60411279120879
OTR Glandore	c54728231da3ae46ef4fe3310886931c70e66e3f	-34.977680975609758	138.55114619512196	-34.977549402985076	138.55115459701491
OTR Glandore	2d54a76c67e073da2aef05f30d5d1465a70afa2f	-34.981156544850499	138.53217376079735	-34.981533100323624	138.53216035598706
OTR Glandore	613995d5911b21797e616fec2b7ae40033e73358	-34.846920213675212	138.53779985470086	-34.846941595041322	138.53782424793388
OTR Glandore	8fc2d105fdd3180d03c16f790017d32de749d917	-34.971255110526315	138.55138763333332	-34.928285417721519	138.60256762025315
OTR Glandore	a5cc03df60343799c4be066f7c64a3df4ad5d66f	-34.934468711764708	138.60816933529412	-34.934674305882353	138.60888603529412
OTR Glandore	e91c4f7f162b5c80c935f5053f49a64dd4b53868	-34.926909928571426	138.54915005714287	-34.926859826666664	138.54881326666666
OTR Glandore	6525dc98ca531e67e257b16856c410ea835c3e5b	-34.964249451923074	138.63001452884615	-34.963923522727271	138.63011254545455
OTR Glandore	94f5f98405d8d2e5baebf794ab048049e5e101f8	-34.973415134751775	138.54114373758864	-34.973658550000003	138.54035675
OTR Glandore	2c6f09ed67a296dc99df36441e92c76ca6b3a6d6	-34.934625273092365	138.56081317269076	-34.934623530952379	138.56089777380953
OTR Glandore	6c38d8b4854f1e3edc309f9407514561322419e0	-34.995282672527473	138.56819266153846	-34.992899526315789	138.57232526934985
OTR Glandore	7f52c97be2331183a393a3501aad79c13bada453	-34.89780452830189	138.66462736477988	-34.897776325000002	138.664613
OTR Glandore	5ae2f4ab756cb119814633351f7f319884b2f3d4	-35.000461360696519	138.57836424626865	-35.000473233644861	138.57860914485983
OTR Glandore	953011486fd45b11accf1837bb5b21a8cd83308e				
OTR Glandore	28d6cc7f50bf8607dc9466b009d2327b1942134c	-34.991391900000004	138.56422740967741	-35.004124155378484	138.5734769442231
OTR Glandore	68f1b36872ca8a44ecc7080ed611bd389f747ae6	-34.942352692307693	138.63050533846155	-34.942343479999998	138.63055087999999
OTR Glandore	213617e0d248d3d053a549870096738ee1886598	-34.888764016949153	138.69706072881357	-34.800896236363634	138.63971769090909
OTR Glandore	f0198c7ddf10d08ab480c13f9d9cc8072d5d2277	-34.959665012820516	138.56505441025641	-34.967416800000002	138.58754945000001
OTR Glandore	d7ee987a9dd307d3d75ea98c32d1bd7cb9ce301f	-34.930282779816515	138.67792551376147	-34.930136849315069	138.67786790410958
OTR Glandore	c36558b914c0e54fc03ff730b721e912141e65a9	-34.980594980392155	138.55928549999999	-34.903070385416669	138.57897702083332
OTR Glandore	f0c77ab542e606a9a00d21af5c5339ab39b1c86b	-34.984169219999998	138.52676847999999	-34.984349333333334	138.52668837254902
OTR Glandore	fb1f8ddd048fd8aab2e5fc57c007c6c5568fc48d	-35.109697051948054	138.5442494155844	-35.110217795698922	138.54464430107527
OTR Glandore	6365fa1bf5ba09b5d1436ab9c9225977d3487851				
OTR Glandore	c65eb70b9774d0136cc4364645eb5dad4193fc9f	-35.150870371794873	138.52345897435896	-35.18630102777778	138.48627127777777
OTR Glandore	ba5d61e3ecb4ccf1dbd33acbe4592dc412a95d21	-35.145472335365852	138.48290299695122	-35.145369000000002	138.48249283216782
OTR Glandore	86847833738f2a60e95847b17ef092ae891cb9d8	-35.062110692307691	138.52748795604396	-35.062063652173912	138.52753808695653
OTR Glandore	f1280b81f1a72df18a0d574d143f5d014e8429c0	-34.91297043137255	138.65125505882352	-34.912896666666668	138.651206
OTR Glandore	a19ca30a77ba4e14fb029f51372b618f3fe7dc52	-34.948347047892717	138.55151424712645	-34.948395735660846	138.55147120199501
OTR Glandore	7dc5024a4cb6c49fb8287dd64a3092dadac85006	-34.801425999999999	138.71277152380952	-34.801651461538462	138.71264446153845
OTR Glandore	6bc524305ceeaf263b0d16b401e9ff400acd7c01				
OTR Glandore	778c8e6384dab9127b05b0e20b951a1fae666f57	-34.934103766666667	138.60294793333333	-34.934102941176469	138.60386705882354
OTR Glandore	ae99933844e1ac2af16042f4c4fc675bec70c824	-34.902763369230769	138.52225087692307	-34.935868793103445	138.503097
OTR Glandore	12aef8bdf89c0546dd9f293149a7ee6ebd62cb5a	-34.982440045454545	138.52701767532469	-34.982703000000001	138.52689871428572
OTR Glandore	66467e1a5a5049f0db91f8771353460bb26dbd9b	-34.902455575757578	138.63576127272728	-34.936810326530612	138.60033484693878
OTR Glandore	149a89377db0821886992337638f4cbe2e1be9df	-34.971611641509433	138.54009167924528	-34.971439466666666	138.54018260000001
OTR Glandore	41e30884b4b4c07f332efa373b3fb37d53ebd3a2	-34.960298666666667	138.60965705555557	-34.959970383838382	138.60979688888889
OTR Glandore	4bbe18154dc9562c538526aa9710b70391c9dd4c	-35.264881602015116	138.48452973551636	-35.26483941121495	138.48451656074766
OTR Glandore	4dc5d4efb7c04a97b41a738b7ddab4693964cb57			-34.849483666666671	138.65603133333332
OTR Glandore	63461e81829b2c0ca6fb6037900a8821adf2bcd3	-34.942876478114478	138.59670359932659	-34.942868244897959	138.59672118367348
OTR Glandore	b4ece7914b6c39b07cfe3f5ddeed9d7cc08cf27a	-34.865279200000003	138.60004731428572	-34.86506619607843	138.59985496078431
OTR Glandore	5d1ae121bc0dd47be98a7c5dfaacf0616f5a30c4	-34.972340358490563	138.56126478301886	-34.972289532258067	138.56128733870969
OTR Glandore	208c0cc2974419d174492bc7fda80b15c4c801a1	-34.904106751381214	138.58662464640884	-34.903529749999997	138.58773834166666
OTR Glandore	2847c884140d768e96f0954c7c3121b4a42839a9	-34.899049851063829	138.65737163829789	-34.89981049166667	138.65731249999999
OTR Glandore	126a99f833fff60736a70070d77c83a834344af7	-35.066554441176471	138.50810961764705	-35.075880594594594	138.51123783783783
OTR Glandore	539849075919d5d434f68f42f7607f76c0e20919	-34.627817285714286	138.74105714285716	-34.511402656249999	138.97525221875
OTR Glandore	cbda89fee158eed9a84a199e798e8f4c8a7ff619			-34.99138392857143	138.57485971428571
OTR Glandore	127221290a5df759df22d835cfe86eb19f91be3e	-35.00733572307692	138.58466824615385	-34.970938097560975	138.53874453658537
OTR Glandore	22a6b8c25c8cdba896e49ed213fe387689ec9ae9	-35.152325500000003	138.52700370588235	-35.152360874999999	138.527356265625
OTR Glandore	f479926fcbd205527c962a07fc2b677f08fe6d4e	-34.679166822784808	138.66350797468354	-34.679028486486487	138.66358245945946
OTR Glandore	443452cfb303c6699f0595e887f6a3bd7c0a3afd	-34.98658593939394	138.58218153333334	-34.986277526315789	138.58226394736843
OTR Glandore	0745952d395bcddb9132d9b43107584b3688771b	-35.024088265624997	138.53229940624999	-35.020658250000004	138.53546649999998
OTR Glandore	c0cdd5240aed0f13b32303ada658c4b9b6673682	-34.943489520547942	138.61241484931506	-34.943683619047619	138.61157378571428
OTR Glandore	db09148e4a9cce7d8802212e532e71c3fedb351a	-34.958389703125	138.566821921875	-34.966804718749998	138.56672374999999
OTR Glandore	6a4122edf38f875d90b995cd35a15ff67becea6d	-34.897006118421054	138.53575063157894	-34.898571534883722	138.5351328255814
OTR Glandore	575b4900dca0a983a81a43aa86b898481224ea38	-34.950951553719008	138.56872027272726	-34.908215387096774	138.56678270967743
OTR Glandore	cc9c4df9cf7a144655665fcc55c94e1939a0c273	-34.799088869731804	138.59911282375478	-34.799084010989013	138.59915263736264
OTR Glandore	efbb0169fe509231f3a9909cac1fffac18f7b3f2	-34.988309480662984	138.59156664640884	-34.988399821192054	138.5914356821192
OTR Glandore	237aa6790ab929957be0a9dc0f06de121f08e321	-34.952798829629629	138.57671142222222	-34.953121061728396	138.57715788888888
OTR Glandore	2606dd3b9651804e7898be1203ac2408f255ae78	-35.064600472222224	138.51319547222221	-34.942064166666668	138.58726083333335
OTR Glandore	9b44917dc4c6dc2bb6cf51b4c3cfb80a19b837be	-34.939586875000003	138.55539970192308	-34.939591317460319	138.55540255555556
OTR Glandore	6ed00273dbe28ace25ed4a94ecb67141784537cb	-34.892409283018871	138.62292294339622	-34.899300208333337	138.65731183333332
OTR Glandore	d3dfa5af13126b8ccf3f2a179d3af0a65c7228c3	-35.002823968152867	138.57049827388536	-34.924835696428573	138.59720978571428
OTR Glandore	d40a50a750eb83f7d40980800cf9b50be277dcec	-35.343961096774194	138.44959133870967	-35.342517901960782	138.44989707843138
OTR Glandore	cf280615be50dad39c29de4b72fcc1dd6a59bd08	-35.003784203125001	138.53457667187499	-35.004026615384618	138.53483600000001
OTR Glandore	ba40fd974c5e19154d8b255967c8bf98c357a719	-35.010375272463769	138.56697636811595	-34.921700704980843	138.59163945977011
OTR Glandore	59760b1fe65d0aa6ac7310f3ae90c8301710a895	-34.984784970588237	138.5126898235294	-34.982596322222221	138.51511266666665
OTR Glandore	5c89750236003799262cc3da7d06219c21ad8533	-34.949315953846153	138.57100230769231	-34.949149484374999	138.57100920312499
OTR Glandore	23bdef5591e21f1e3a566f1fda787250e62c9301	-34.859136169014086	138.5873825915493	-34.859167407407405	138.58755152777778
OTR Glandore	0eaac4d8d6ee7fe4e6775ad73b916acaf7cd8ab1	-35.028673848275865	138.53972067586207	-34.854273238095239	138.6531849047619
OTR Glandore	c2f4394e2f50143ab531b9bfcebcebdd38bd8003	-34.995344681159423	138.5667901884058	-34.994258139240507	138.56662255696202
OTR Glandore	f01844d09a46da9d37f4d62fbf087150e0e9fbcb				
OTR Glandore	ea4216d3b47f11f0a1ede63024da5f5748e3961d	-34.983801038834955	138.51233937864077	-34.984394831578946	138.51399133684211
OTR Glandore	1dbb82749e1d33bbc9cb6ceccc34d95074947f07	-34.950837	138.88334744117645	-34.950973293103445	138.88354248275863
OTR Glandore	93e1358a7f8043430d1fff29b6b94d05041a5f66	-35.023751426573426	138.5477306993007	-35.02375	138.547742
OTR Glandore	4c8baac0bcc4bf77d347d7128b80f19a0d687a67	-35.090367315217392	138.58236989130435	-35.090368750000003	138.58237658333334
OTR Glandore	eea78ba26877c4c6baeeef95e697aa9c456449c1	-35.040147660377357	138.51879194339622	-35.04006431304348	138.51900463478262
OTR Glandore	57b6a987146a4b3d9db7c6d8fe0d2a856f996771	-34.949341274809157	138.57106364122137	-34.948581621052632	138.57122331578947
OTR Glandore	21299b67bb4c51e5d24a0942656ece748f7c4d74	-34.961604144067799	138.56414660169492	-34.961716177215187	138.56447588607594
OTR Glandore	9b969fe8bc40d8e1becee79b1baea7bd68045d57			-34.957679285714285	138.56658228571428
OTR Glandore	99240de54ceab4e53e70a8efe6b51c0748e70464	-34.973266185185182	138.52046551851851	-34.975506929729733	138.51804319459458
OTR Glandore	405a98e87aea5788a16441352f772d162c161133	-34.97273889361702	138.59121774468085		
OTR Glandore	65cb7c16eff37cbca8ddc2e78879895e5705d8bb				
OTR Glandore	b4c45e44cc24a6e45966c0d4cb2ad5da58392a44	-34.893092174418605	138.67422846511627	-34.913068913793104	138.67979149999999
OTR Glandore	bf7551c607ceaa4c8e2364c4921698eb92a6c1be	-34.847949392207795	138.54930187532469	-34.847944830508474	138.54931057627118
OTR Glandore	b07cca8356de74a41aee130f3228f362c1024bac	-35.125899661016952	138.4933180338983	-34.96185321621622	138.56115247297296
OTR Glandore	b1d5dc47d9bfbfb3f97c9fe0ab8b3cd54f4a83d1	-34.883821585	138.60639112499999	-34.883833394444444	138.60631092777777
OTR Glandore	d709e8893c6f7ba80fb860974cded203628ea12b	-35.070214040498442	138.51552503115263	-35.070047146341466	138.5157970406504
OTR Glandore	54fd2a811667bca2f49301acb6c7eab019b1487f	-34.986649786666668	138.51544314666666	-34.983876540540543	138.51541237837839
OTR Glandore	cbc5e4da5b1a38e67a7c8f4492423409afbc7154	-34.967458908163266	138.54988686734694	-34.967436436781611	138.54985599425288
OTR Glandore	40a94b80b3216c5e30361c57955e13be4dc3e2c6	-34.954144780487802	138.55729580487804	-34.954548702380954	138.55778126190475
OTR Glandore	26d204956def8ee3d698bf01567cec67476df892	-35.026575924812029	138.54146878195488	-34.994895532258063	138.52072329032259
OTR Glandore	17df3e0579fb20c468cfc35fb28afffbf1c890c7				
OTR Glandore	09aa4c8e83e2423daf4c20d2d286788c82b27958	-34.930732565656569	138.61108791919193	-34.930782560975608	138.6110023902439
OTR Glandore	f6002b9c03e7cebc6aa8df125eab72dfd1092f17	-35.120292101382489	138.53523602304148	-35.119990275862072	138.53532984482757
OTR Glandore	7663ee8aaed50120effdfabad26119c553e4f2cc	-34.95167907222222	138.55831803703703	-34.952255240932644	138.55826654404146
OTR Glandore	4d06031fc61394dc607a7d1d4837600f459af8a3	-34.907769413043475	138.50933220869564	-34.907711902777777	138.50931159722222
OTR Glandore	dd8b34ede8a68f82b966192887920161b1b72d25	-34.905774621212117	138.61019557575759	-34.921329166666666	138.601676
OTR Glandore	23cfe8455a193ce9c1231ebb1773657f381d603b	-34.851139765625	138.51455068749999	-34.851346642857145	138.51456203571428
OTR Glandore	2ce7d2569e8b709d3222564c3e67ac77fe4ba781	-34.810989003257326	138.61146632247556	-34.811024927884617	138.61191743269231
OTR Glandore	08bfe89b9b6ff721810742c005e45c521e5064b1	-34.934115697368419	138.60296488815789	-34.97660664	138.51212588999999
OTR Glandore	de6ce9fa74a119d4197c05a8746d37a277668198	-34.94499256521739	138.64194357971013	-34.945111270588235	138.64212255882353
OTR Glandore	06c6bd3871b2183a52ebd522c46aabf598aa3b4b	-35.014022986111108	138.57390065277778	-34.948284285714287	138.57099928571429
OTR Glandore	ff32f8e5d25ce3da9a941fcedd2e061e6277eb61	-34.6888453125	138.67697758593749	-34.688798356589146	138.67694233333333
OTR Glandore	a41d8dd7dc1ff961b9c4bddebe262f0e434c8dfa	-35.051805326145555	138.56972912938005	-35.051873980079684	138.56985852988049
OTR Glandore	96122353361d087d6ccfdd8f1e56669014787582	-34.967231727272726	138.57248913636363	-34.966102930232559	138.57216444186048
OTR Glandore	5bf6e64e9787f32af476c63a4dc7afd11d264a8a				
OTR Glandore	ff9415399e40bccbd8f409c1cdb8fec5bdd1cd8a	-34.953908795180723	138.58065480722891	-34.966079162790699	138.59395658139536
OTR Glandore	81c8b8f2ff88b4b79dfceeea5bc2c07f0e2e01c0	-34.966333542857143	138.51749000952381	-34.966487123711339	138.51727436082473
OTR Glandore	5abafab0fa4678f3864e99e96bf5d17065b7ecf6	-35.056750999999998	138.64892599999999	-35.06798666666667	138.65658233333335
OTR Glandore	9dbba0e139d5609be1da182ab06d35247183e5ee	-35.070764032258062	138.50425803225806	-35.070781500000002	138.50425002941176
OTR Glandore	a310fd0a8eb7b1faf1eef517da67826f1cc47e41	-35.081311655172414	138.52385260344829	-35.081391461538459	138.52349215384615
OTR Glandore	1e19faf20089dfc7b8a76086786b85d3e4691b44	-34.955990478448278	138.57253365948276	-34.955994645333334	138.57253179466667
OTR Glandore	0c2c7fff3e37c7ca8bc3bec69b18c507f4e606ed	-35.036523632653058	138.5279278265306	-35.036259375	138.52756366071429
OTR Glandore	9e09b1b0a0a260674c7a7ed5389e375a1e60fc45	-34.852448759124087	138.67753823357666	-34.963295728813556	138.55634818644069
OTR Glandore	badb9c6298a24b0264b9849b95f0f3563cab1c19	-34.950944199335545	138.56896686046511	-35.020957633093523	138.568762647482
OTR Glandore	a582b2dc305c625ab99466ea66a58699d0beed46	-35.169288333333334	138.48226317829457	-35.169487618055555	138.4826503125
OTR Glandore	0b2e013238ae866135d323af60cd536d796c846e	-34.96079304123711	138.56384810309279	-34.966429428571431	138.53736903896103
OTR Glandore	e078f4e6bedc0aa4b31cb54efad5c0eb7c9e8cd5	-34.957806083333331	138.62259515277776	-34.928700666666664	138.59944646666668
OTR Glandore	a02932a1178d864cf80e29d3cd75b0de96232d60	-34.924006227272727	138.60401092424243	-34.926537931818181	138.60223277272726
OTR Glandore	d4b9fef4ada78e66a864d9cd694d477cc38d51cf				
OTR Glandore	ff8220601b7831ea820bfbbba0ed8b3ff46f73e4	-34.967505181818183	138.59382431818182	-35.104496043478264	138.5081826521739
OTR Glandore	5b12e0c995bc6535409c78be9b644a2ff7859a4e	-34.922463	138.55037963333334		
OTR Glandore	a0f4b4f40afaabadbe99f0ae803358efa7f81915				
OTR Glandore	464ceef58e2dc1e6b083e9fcdf9e2a64cb273e2f	-34.94794083676976	138.57063345360825	-34.947971620155037	138.57062159302325
OTR Glandore	925bcdccff6acb621ff38471ba9c5f5c94be8f01	-34.999860809278353	138.56054221134022	-34.994445135135138	138.53599163513513
OTR Glandore	fc6ce07d620f81f2150d7a7390b082c54bfd189c	-34.995780277777776	138.51674684722224	-34.99578077631579	138.5167450131579
OTR Glandore	53955e1d1c0879909bcf85bb10c30e2f7ab501e0	-34.994895094117645	138.55299081176472	-34.922759142857146	138.62341328571429
OTR Glandore	025b40c2f900680baab451d9cb0f4d9ad4a4a83e	-34.880181649006623	138.60640634437087	-34.880264400000002	138.60622480000001
OTR Glandore	d1c8da95cc3ae62ea16596972ea19abbcaa7b94f	-34.991564169491525	138.53996450847458	-34.8293082	138.5212793625
OTR Glandore	fda773a589f1c56642948e50eb160917710cc2d9	-34.95797617777778	138.56666955555556	-34.95759598901099	138.56713920879122
OTR Glandore	fa5391ef6b4d06dbdab3036a2e110c06bab28bbf	-34.971007769230766	138.56355216483516	-34.970951820512823	138.56356943589742
OTR Glandore	eaa23aad710bdbdb78cd5fcd8a2072682189820d	-35.026033898305087	138.60433147457627	-35.017309750000003	138.61523361627906
OTR Glandore	45741deb929c3f1f97505bc9fd8d4ebad603a19f	-34.969477948275859	138.56544905172413	-34.949449095238094	138.57670052380954
OTR Glandore	2dc2f653989f54d7dc18e5bdf91ef9cb60d3f72e	-34.957606767123288	138.56449717808221	-34.954209401785711	138.61130809523809
OTR Glandore	9e8f510a5230fc081c1a2e7ac3d4b1702dded1b4	-34.973709972350228	138.58159992626727	-34.974036383886258	138.58174465402843
OTR Glandore	4ad97d49de5900df9e7d3f154fdb9eedc33aa4e6	-34.986125674796746	138.52927014634147	-34.984819264367815	138.52567577011496
OTR Glandore	79dc68f27490c131aa6354568c5c8237a96efc96	-34.999681765060238	138.55571261144578	-34.999660293103446	138.5557881724138
OTR Glandore	97b8ad949d765f6af12e7dc96e15522d966e72de	-34.987341655555554	138.52705642222222	-34.988658223796037	138.52717913597735
OTR Glandore	12d262858feee9e3ae09479e23189fe11e6c3c53	-35.039085351562498	138.53976919531249	-34.989299119999998	138.59390056000001
OTR Glandore	4e1f0551484fab7b988ba478d715a2c94da40310	-34.955042028901737	138.56381335838151	-34.955299512499998	138.56478923124999
OTR Glandore	51ab50e8ee65aff6e3b72c8c31ec03e6957b44e5	-35.085494845410629	138.51874717391306	-35.08353985546875	138.5182897265625
OTR Glandore	6ac78fdac10f365e46f0704ad7ef36eece557b79	-35.103866807692306	138.56449673076924	-35.103691310344828	138.56491937931034
OTR Glandore	3fbfb19dee09b23f9133991a4905e7735f017766	-35.086212833333335	138.52631989583332	-34.972682701149424	138.61057145977011
OTR Glandore	631e68adb6822a5aa33c3666eb15cbb5d16f0644	-34.972250553846152	138.56710923076923	-34.972077068965518	138.56787886206897
OTR Glandore	0a6c96403f038ef7fd0c8ad3be5e6832153a1f08	-34.968616907692308	138.56098536923076	-34.968519120000003	138.55857968000001
OTR Glandore	242ef2ae9071c4d655d0c89dab5fb9be8d539eb9	-34.87735412442396	138.5332099953917	-34.877414712499998	138.533179278125
OTR Glandore	08293ba17dd72e15aa4d08fd6eab9f8f91dbe374	-34.947929209486169	138.57530528063242	-34.947187945652175	138.57629236413044
OTR Glandore	fda40cfdb87230153a553ca17a4a78b1a076e12b	-34.993498093333336	138.52042978666665	-34.970087012658226	138.53480991139241
OTR Glandore	67f3a585212d69078eafd1df8f73e87227c4fa7c	-34.967112084967319	138.54624250980393	-34.967026558510639	138.54630146276597
OTR Glandore	d41b2702152b10234e41af287e90e3e85351a9ee	-34.977130181818183	138.56310787878789	-34.973985666666664	138.57157033333334
OTR Glandore	6c2e62dbb8cf24e3dad2af7b9785d8bca1a87668	-34.87855798857143	138.67924360000001	-34.901942365384613	138.54772565384616
OTR Glandore	e744c5b3a9babe0842cf66e8fff31b06458e964f	-34.728132939393937	138.68481518181818		
OTR Glandore	cad9a2e5852872a8147c670441abbcdfc9a94139	-35.035607421383645	138.53378081761005	-35.114418761194031	138.54372749253733
OTR Glandore	382467d358e6db46f40083c575ad1644057af635	-34.668351542372882	138.63310286440677	-34.830563358974359	138.59992205128205
OTR Glandore	87cdafc9dac7dad31eab047c6d4152ec8d5eb8d4	-35.042150444444445	138.57231374074075	-34.942446760563378	138.58715869014085
OTR Glandore	d4d7108917ca8cd0f10df180644ac2b1fd131ea7	-34.888671531249997	138.697111828125	-34.889133168539324	138.69672474157304
OTR Glandore	3a90d4d96ef62da56bf81487ef50ac899335d06c	-34.976571424068766	138.59071530372492	-34.994098908496731	138.57744141176471
OTR Glandore	b19151ede02bb2a34cfa06b0659e69242cf23fc3	-35.091434249999999	138.58330733333332	-35.073694571428575	138.59061400000002
OTR Glandore	d7d0e4c623668e1ffc19620caefc8c4ad76a216c	-34.989973003134793	138.55284138244514	-34.925729519999997	138.60003383
OTR Glandore	8d663c8f558f0ad2d9e5f0f66ed24a7594a16cd2	-35.000676741379309	138.52890022413794	-34.999797166666667	138.52859019444443
OTR Glandore	a2f977181adda664531eded5ae861a42e89faecd	-35.070832409722222	138.50419363888889	-35.071530621212119	138.50375231818182
OTR Glandore	b5603994d206478cb586c22355c91dc29b19cfb1	-34.80776993162393	138.66761115384617	-34.807769739130435	138.66761382608695
OTR Glandore	53c23d4a0e658dbe7e0c2b896b9f655196bc68f4	-35.028104794573643	138.52334388759689	-35.028321579710145	138.52340104347826
OTR Glandore	5f870bd01411e1074eda8cbb5326e9dcaef6e129	-34.99914317105263	138.53106906578947	-34.936136180555557	138.52657057638888
OTR Glandore	e00e77fca718ae07e9200d1a3948b788bdfc8f22	-34.965335090909093	138.55574409090909	-34.965497325581396	138.55615347674419
OTR Glandore	a9fb0536658b347a4b9e1f34ddb866a8bf1ad75e	-34.866655096774195	138.6797819032258	-34.962543439024394	138.54662736585365
OTR Glandore	058ec679a1795dee0320d94146199ef5942f6106	-34.881479480000003	138.52808570666667	-34.881674134615388	138.52874857692308
OTR Glandore	f38318be0d9887771f469b96e79b302f36df86e7	-34.967058473684212	138.57229589473684	-34.966511529411768	138.57152682352941
OTR Glandore	4f3167da57ca2f6a73cc6b88f4cd837260512764	-35.003977357142858	138.53488360714286	-34.9283784	138.54326
OTR Glandore	6bc36ce8bdbf535672ffc80c6abee0e4d1af6b17	-34.965416742857144	138.55579655238094	-34.965427678160921	138.55575019540231
OTR Glandore	728e1567735668001a211f0526427b6577e2db04	-34.961693834437085	138.56081880794702	-34.961734389610392	138.56065801298701
OTR Glandore	8b1caabca383a9f44435996ee0866bc72b3c50a2	-34.955321576530615	138.56795396428572	-34.955200506976745	138.56825665581394
OTR Glandore	63ebbab41400c3b7b6739a54fbafd968b6f4badf	-34.972660304347826	138.51239024637681	-34.972571092783504	138.51233249484537
OTR Glandore	7e19c4f48463d80d8228ad51241229e2c00ce128	-34.960605481012657	138.5588355063291	-34.935697911764706	138.53622302941176
OTR Glandore	b32d4816522652c4c11e0007fdd14d1fc6cba37e	-34.950106189189192	138.58073207770269	-34.950228372727274	138.58099064545453
OTR Glandore	ef4feab8457b676660aaa4ff86bbc4acea6e5ad2	-34.990259393617023	138.51532507446808	-35.037069269841268	138.52535544444444
OTR Glandore	659fbbc2103feaa09365819883632343026aa5c6	-35.069771289156627	138.52002777108433	-34.814254901960787	138.62423011764707
OTR Glandore	2b76144971ef3e7d06ecc5edcc548ce509762b19	-34.97604859171598	138.5689967810651	-34.976098	138.56899989411764
OTR Glandore	1725cdd806d16f8df7a112eddc5349394c9a0b8f	-35.017064474999998	138.54812925000002	-34.925182615740738	138.59989566666667
OTR Glandore	3c73db8eeea07630bf6a4665c1ffc1903136cc25	-34.9506458592233	138.63172419417475	-34.950694420212763	138.63176456382979
OTR Glandore	8c52a391083cbdc694a62f67b0c23c58433c1e59	-34.946328842592592	138.6433010462963	-34.960288220000002	138.56110871999999
OTR Glandore	0132d779e2b8e5b89ae08ebaa08ac6e29eaf5ff7	-35.023872727272725	138.54773486931819	-35.023891188888889	138.54775100000001
OTR Glandore	d44163f0d23f589e799e1b627da7ece7dd7212e1	-34.939217039370078	138.55811643307086	-34.941958188235297	138.59135772352943
OTR Glandore	945b83fb07ed8bb2155ef681e3d0bea910fd8517	-35.083776217391303	138.56502847826087	-34.864573999999998	138.510616
OTR Glandore	d51bd7461bacfc59f32e88e09bfe47564e1fda47			-34.976361750000002	138.51259930000001
OTR Glandore	38a97c19dd5b85d19bc7f9db12586c9d093a0c07	-34.947482292682928	138.59649326829268	-34.963359956521742	138.5434735652174
OTR Glandore	1294f0ec1698c572f769ae61d850e8f4e8c459f2	-34.952853522727274	138.5826505681818	-34.952859217391307	138.58264107971016
OTR Glandore	672597ff1b5a19d914ff2b6963f00675052f9832	-34.889021950617284	138.65854839506173	-34.889041160714285	138.65869037499999
OTR Glandore	c5245df9c863cc28e5ac8937edc07f9ada63fcfd	-34.950357708571424	138.57356229714284	-34.950353874999998	138.57355916666666
OTR Glandore	d62b794a3a4f8b928bb85f05025548017ac0881c	-34.973645900473933	138.51531368364928	-34.973649128514054	138.51531680722891
OTR Glandore	1a4b28c7fb6a8835d937a079a97c9d3181bfccca	-35.048782720588235	138.62458716176471	-35.048729428571427	138.6247395625
OTR Glandore	586d8495e02ececf5649c9824855165a6813c61c	-34.845613898989903	138.64776462626261	-35.101056999999997	138.880629
OTR Glandore	ea19a2d68ecf735c1c932492ce1ac3f96ff8d31a	-34.980679169230768	138.56831876923076	-34.980593558823529	138.56834673529411
OTR Glandore	571ac5180ae4a49be35f680b78175a68bd470699	-35.051128446327681	138.62289991525424	-35.050885595744681	138.62271068085107
OTR Glandore	fb0039e24b180486855f4028249bd28e7eb829f6	-34.950522566666663	138.58356238333334	-34.874894366666666	138.67385646666668
OTR Glandore	80d7bb386d26c86b677d4010606dc5549a563196	-34.959209473684211	138.55956189473685	-34.831953166666665	138.69574366666666
OTR Glandore	d93384bdeb5f46ae0a247faf35719c8507eb5b99	-35.04858342156863	138.57520423529411	-35.048627504273504	138.57541808547009
OTR Glandore	522d83faaf2c57685400cfc56738fad5debb19db	-34.960890261538459	138.5660778153846	-34.919399066666664	138.61516444444445
OTR Glandore	1dff400e629b60555ab9cfbcaf9352d245381152	-34.976436208053691	138.57053116107383	-34.955289084210527	138.59022362105264
OTR Glandore	3d7121cd353ee9c254c56589fcc34269868164f7	-34.982705295999999	138.58899972	-34.982909380530977	138.58931687610618
OTR Glandore	d81dd5777243cc7554cdb677624330452ea22585	-34.95027681021898	138.5810189489051	-34.950213049382718	138.58103372839506
OTR Glandore	ab5e2ad26f890bdc02bb5dab57ad139e367d56fc	-35.023456718749998	138.53007394791666	-35.023661262499999	138.52967623750001
OTR Glandore	cff9347a582c420b6b743cdb97ae0c12275a9ff7	-34.964565149122805	138.56118306140351	-34.90589835714286	138.52306147619046
OTR Glandore	a0ea6e15491e61650bc1ced364df319271453108	-35.134622574074072	138.48353686111111	-35.134750236363637	138.48372178181819
OTR Glandore	d5da7a295b83ae61ef88bcc3c518c7b82d80cfec	-35.103749570370368	138.51390603703703	-35.103750777777776	138.51390165185185
OTR Glandore	da76cf58667e73bea1d28cb5791d7ded7030daa2	-34.943174518518518	138.60580074074073	-34.944421645161292	138.60583122580644
OTR Glandore	5affa5526f05c5815b7e2d4d17a5b896f4381b96	-34.850610480769234	138.66292857692306	-34.850615855769227	138.66288893269231
OTR Glandore	ba1aa5af5655810050bacaa91bcb3f198a601c88	-35.038866766233767	138.51978351948051	-34.789593833333335	138.71279895238095
OTR Glandore	87c798e29138e4893a2b98d5508b14a4b5208d33	-34.96131337037037	138.55985287037038	-34.962228325581393	138.55897158139535
OTR Glandore	bfa76d847ba6b869c19e6f097dc57680813389f7	-34.947030423913041	138.59172257608697	-34.947238980392157	138.59200465686274
OTR Glandore	26c795320bd863b5532180fef55c2a72c8dac320				
OTR Glandore	7b1db4af04938f07741f0e9d97150338dc3ac744	-34.891393783783784	138.53989369729729	-34.891498112149534	138.53943145327102
OTR Glandore	7206991b57bbe3dd7e02a6e0d41116b4f678ce3c	-35.081432207885307	138.55655373835125	-34.921549037433152	138.63151066844921
OTR Glandore	c6b1ecf974d8105e0d3b842c7c23e9468fecdfaa	-34.942729574468082	138.57368491489362	-34.942777461538462	138.57369661538462
OTR Glandore	04e33a55255ab586a0af4eb4d25acde3c90be845	-34.667109319148935	138.88932845744682	-34.958102838383837	138.56308515151514
OTR Glandore	3271813ae23c251b37c2e56b4e0dbe0bca938bd3	-34.912349170212764	138.64892497872341	-34.912124202531643	138.64735549367089
OTR Glandore	7147fbbc60ce84c2fc2849b90ca9e50961c7560a	-34.973916550724638	138.5476757004831	-34.973919674033148	138.54763808287294
OTR Glandore	833f77df41b736d078b2796a72367007ac1b4579	-35.053014218579236	138.58046283606558	-34.921115611764705	138.58806715294116
OTR Glandore	98362dbc07725a923f65fe14c3f0724a6d403392	-35.083594646153848	138.51930117435899	-34.4762819270073	138.99440294160584
OTR Glandore	5a08198df034cce144d08108bce98a935a0c63fa	-34.948655337278105	138.55799763905324		
OTR Glandore	c5d981b5bab612833d9266080ea97227115e67b4	-34.996141171779144	138.52635863190184	-34.996219978260868	138.52639273913044
OTR Glandore	487d77f15dbce607270c215f9111512eff9af342	-34.911326447368424	138.51600244736841	-34.912188927536235	138.51497169565218
OTR Glandore	c9df82d01606c9b85d41d0d32bb9a24bf5c122b4	-34.957819727941178	138.56414521323529	-34.913928351351352	138.56371905405405
OTR Glandore	7eceb0da6dc258d9aa7612c415b5a4ce4b15837a	-34.953838186440677	138.57352223728813	-34.95375878787879	138.57314372727274
OTR Glandore	3902cec23a873b914968869b597e6f912289d51e	-34.950681957446811	138.57582463829786	-34.948944105263159	138.57749568421053
OTR Glandore	8f670f6cde7d86fa620efefd1fb80bde7ef75ace	-35.18808927748691	138.48880291623036	-34.929913800000001	138.6089845090909
OTR Glandore	66273a5adf40986d92bb9a81c05204b63730ac07	-34.986633673202611	138.54914813725489	-34.986531999999997	138.54934619736841
OTR Glandore	e42cd724dc4770605952d4fd8156e3aa531250fa	-34.925223621621619	138.63683748648648	-34.925473298245613	138.6367032631579
OTR Glandore	907445bfcc32b03e25131c6ebb44048150a34c58	-34.984919583333337	138.54823841666666	-35.027443183333332	138.51722661666668
OTR Glandore	eb17895aaa8ee284e83c783ca54e5541cfdce467	-34.878117807692306	138.54846764102564	-34.878238593220338	138.54868979661018
OTR Glandore	5f91da5b6875ae0bff357881f9cf587448364a57	-34.988990897058827	138.5579274264706	-34.98875197297297	138.5577227027027
OTR Glandore	855e80c12cbd67408dc217714bdeb58ea92d0542	-34.956545217391302	138.54891552173913	-34.956450677215187	138.5489109620253
OTR Glandore	3ce20078241e12ddf4b634ab4aa839ec46223d09	-34.997311848275864	138.54989479310345	-34.99730171232877	138.54992735616437
OTR Glandore	3ff34ae99cc5a55672efe0e47dacd2273f9f1fee	-35.14040932965009	138.53851987661142	-34.957683238297875	138.5711709106383
OTR Glandore	10ef535acba6326d179e8ad8d2a0cbdfcac90c4d	-34.958750492307693	138.56372393846155	-34.958747434065934	138.56376664835165
OTR Glandore	63b8046b0deb8e60f8252ff619c63690f46b580c	-34.676833474137929	138.68812215517241	-34.72071395384615	138.69575143076923
OTR Glandore	b122ee4dd91998bccc9cbc63df99e981029bf8c5	-34.877406948717947	138.53316597435898	-34.898889047619051	138.55180207142857
OTR Glandore	ca2fa427a14a8028b15f725d44edd6132daef715	-35.097470276073622	138.51948256441719	-35.020461609756097	138.56733729268294
OTR Glandore	57748783c2034e7036ed14648ee5f1ac25898781	-34.977283864583335	138.51100646875	-34.712105483333332	138.62705904999999
OTR Glandore	ab3ff26aca7cad4530d30d057f6e5b63e671d2f8	-34.985125500000002	138.5277133943662	-34.985038813725488	138.52770613725491
OTR Glandore	77d600c3ad8a526d86b3ccde97b6772f6c03ab56	-34.999908867052021	138.56742393063584	-35.014434753623185	138.57156247826086
OTR Glandore	37b69c5a947552a51d87ff6ca2801c1f48d3fd66	-34.966372227053142	138.56950079710145	-34.928387801724135	138.58887330172413
OTR Glandore	9064393bbfbcba918eb2cefa8108d16e287651d2	-34.981013840579713	138.55309418840579	-34.992929480000001	138.52054068000001
OTR Glandore	1dc2f1c77c4de631f806bca4aaccfd9b618b7daa	-34.846423573529414	138.7091236764706	-34.846291288659792	138.70897019587628
OTR Glandore	810757be41950610dfb68b95d33da0f023d8b810	-34.942904937313436	138.56960017014924	-34.942914262499997	138.5696078375
OTR Glandore	fbcba75bcb19a9230cd058de840abcf63ff86231	-34.964575044943821	138.56814886516855	-34.921085239999996	138.64980484
OTR Glandore	4f3b1d8d1f55a624168505453988f638a06570e9	-35.023368144736843	138.55702267105264	-35.023311928571431	138.55689621428573
OTR Glandore	2338b3476d3096c170ab18718362263370142d40	-34.976212666666662	138.56784666666667	-34.883643999999997	138.62886
OTR Glandore	308d1a94f924f98be02c00544028039688b63f4f	-34.94579058510638	138.57482314361701	-34.945560834586466	138.57629013533835
OTR Glandore	a612e94e2fbe2864e35f04a5b699af7d805d39af	-34.967447348837212	138.59375215116279	-34.967405575000001	138.59270785000001
OTR Glandore	13a495ec528194add90db7150bb20b3c59c6a7aa	-35.079054553299493	138.56271234010151	-34.943063160714289	138.56592578571428
OTR Glandore	cd1e5c3a51e7d9e96f96b135e4597797610a8533	-34.991655707964604	138.5334584159292	-34.991699519607842	138.53346249019609
OTR Glandore	9e09513f0165833339bf4446e62b683b1921c2a6	-34.974023978070178	138.59337129824561	-34.920830181286547	138.59500657309943
OTR Glandore	776828241f89e1c32e170dd56af9fc6b88fe1895	-34.961935134831464	138.55675349438204	-34.96199281818182	138.55720688636364
OTR Glandore	9395b073501549da219b6e27a22cafd26687596e	-34.958477668488158	138.567883852459	-34.958152283154121	138.56820250537635
OTR Glandore	c5b607a25fd900973cfd9547f6e4c3dba0691128	-35.139948865384618	138.53717886538462		
OTR Glandore	be53134a9471e89ead839ebc2877a680365f33d3				
OTR Glandore	ee730e257e6fd0b02dd10c884a55e18db5a2a661	-34.944853008264467	138.63482390082646	-34.941211627906974	138.57929761240311
OTR Glandore	a70c51182a2a5c378e844a6a17a87b3b6f1e39e3	-34.851309535714286	138.48206555357143	-34.91246795238095	138.56517941269843
OTR Glandore	bcb796771fd60328595f3c5058932f4bc85a9764	-34.987317952054795	138.51145038356165	-34.934380913580249	138.59194613580246
OTR Glandore	2dec1e32fc48a1a6f145e91414af3ff1445fd1fb	-34.889993803738321	138.59664608411214	-35.002079886363639	138.54279654545454
OTR Glandore	2c1c58b6f8ad81c6eedaa916a047644efbc46c29	-35.206776059210526	138.48888650657895	-35.20674039473684	138.48889705263159
OTR Glandore	b399d399cf2a9c04adc32c2764780cf2729f4bd7	-35.039817259036141	138.53821677108434	-35.039034655367232	138.53592353107345
OTR Glandore	1e1a690dc718742d42e2a66d62adc53494995150	-34.967585186046513	138.54409154651162	-34.966896229357801	138.54478404587155
OTR Glandore	30f5d13a1cdcaab4f40985af119ee0a8e620bcd5	-34.92450098031496	138.51656897244095	-34.925006142857143	138.51654413095238
OTR Glandore	10f70e753b2c51e05640c25ffdafd9aa8ac4c0c8	-34.977569833333334	138.54727406666666	-34.946495692307693	138.56503770192307
OTR Glandore	5e1053892fd1ae9685f29a24e69df98e070e5fff	-35.050491000000001	138.55992983333334		
OTR Glandore	ddc7efcc302942a4543614d180ebdfa8a5782d1f	-34.922196115384615	138.59384703846155	-34.922129862068964	138.59487355172413
OTR Glandore	a821321a10eaca3bbe7fe87ce93d9e6675479673	-34.949252990654202	138.58258344859814		
OTR Glandore	0cd70eb046c27689c76ae84c8b05fdaf5c5e4378	-34.957108992592595	138.58188514444444	-34.940192419811318	138.57202433018867
OTR Glandore	f132ce1918c9dc368c33263d45e1c2488e4f5ccb	-35.145417833333333	138.48293577777778	-35.145440378048782	138.48288911788617
OTR Glandore	f470ca9c6dae5149ba00b3b65e04aa031d58bc38	-34.974832356164384	138.53150560273971	-34.975058854166669	138.53268339583335
OTR Glandore	afac96c22e714efd0b63b3f28bcb4305f1b9ba8b	-35.084767628808862	138.58607719667589	-35.004078428571425	138.55575102521007
OTR Glandore	dce168776cb6d09af2cbbc354adb79edd7f92321	-34.959373312499999	138.56829089999999	-34.959277731884058	138.56844455072465
OTR Glandore	0b98e25e86fc5f21bdc86eb918a9c43bbfadc59e	-34.894660891472867	138.66593614728683	-34.880756910714283	138.68647841071427
OTR Glandore	133fd27c9314e71f9ddd2afa7b0db90b12ebf836	-34.965769513227514	138.54179919047618	-34.877285382608697	138.63353046086957
OTR Glandore	445f6838e387b43ddffc82c7b7f6d973410fb2fc	-34.955768057142855	138.57062171428572	-34.902618488372092	138.48930923255813
OTR Glandore	b18e23646045564d81d38b1bfd5ee754be52b694	-34.999631388888886	138.56398762698413	-34.999638690721646	138.56400754639176
OTR Glandore	cbd26c6d5714540e92990cb62bcac7cc7562d3ed	-34.964360601895734	138.55971189573461	-34.964182144444443	138.55853406666665
OTR Glandore	bff137dc0e44afe24c2d9e0d30706489431e0a2d				
OTR Glandore	8caa4b00943979fd5b00ab9a9cb1af3bdb40cdea	-35.007677146666666	138.51545105333332	-35.002003613821138	138.525964800813
OTR Glandore	f772e7e6263b4107e33259574bcab741e1a47450			-34.87813225	138.49267391666666
OTR Glandore	a1beca8ec9bf1d94fc5729895d236c9ab56e3e12	-35.026150894736844	138.54203857894737	-34.907881000000003	138.57761931707316
OTR Glandore	3f8a5020606bce33233536caa58575286deaf86e	-34.955763417607223	138.56434475395034	-34.932845499999999	138.55327792771084
OTR Glandore	3d88cef08850fc88949291088b0d02b1954295f4	-34.886565323383088	138.51296101492537	-34.842575159420292	138.53890413043479
OTR Glandore	bba3341f59a6b11ef2bf732a58256b82aff1b83e	-34.90604318032787	138.59954521311474	-34.834315525000001	138.69041055
OTR Glandore	c3314647ae925257fd8233e29029c271483ed897	-34.953143853503185	138.56331728025478	-34.953147891304347	138.56330188043478
OTR Glandore	f29dee09f7334a8135d2ce52bea268898c344e0b	-34.899524635245903	138.57396457786885	-34.868586640350877	138.5741357631579
OTR Glandore	91bcfef48bb4b6d19d97346ab40602d180b91987	-34.964944735294118	138.57019402941177	-34.965089666666664	138.57041028888889
OTR Glandore	2e9e38cebec2f4a76933d464a6b40f1f3d27726b	-34.981200071428567	138.5500619642857	-34.901703225490195	138.56958950980393
OTR Glandore	3aec55e245b102b9b769b85fc0d512d1ce5146e0	-34.922875730769228	138.52412434615385	-35.138830553846155	138.48341676923076
OTR Glandore	fb55cad9be198ed589f4462c9c047b98b66adb10	-35.006069868263474	138.52469163473054	-35.006081843137252	138.52487405882351
OTR Glandore	461417e2912bc962213540680a9c856ac1b98438	-34.883145523076927	138.61047696923077	-34.883252167741936	138.6105045032258
OTR Glandore	1ea8bd5d7803b11897e643f40fdc38cd88875a65	-34.818567285714288	138.64661257142856	-34.809248666666669	138.63124133333332
OTR Glandore	7afcac027bf0ed8f519d589c68e58e16937b08b5	-34.967763147482017	138.56384970143884	-34.967789654545456	138.56310450909092
OTR Glandore	7c9db3ef997535438e7dcd256763c4dc750c5c4a	-34.655071082872929	138.6793723646409	-34.655503529411767	138.67928585294118
OTR Glandore	231d6903661b13432dd054a86e2261b515cd3cd6	-34.960459377633711	138.55895690599675	-34.960446457983196	138.55902731092436
OTR Glandore	a49bb66f9ceaf465daeea8269ee0947965da072a	-34.855837016759779	138.59741005027934	-34.855935850000002	138.59821735
OTR Glandore	11a1f051e8e213cd037782ba04f16a62c520853a	-34.910961765000003	138.64846544	-34.906771357142858	138.57013136734693
OTR Glandore	ddb33cf424bdbb1d743560295f01a055022728a6	-35.072752817073173	138.50291218292682	-35.073037591836737	138.50292453061223
OTR Glandore	532cfff7c3df3640a75e2d5eba7b9544f34a4f2a	-34.998286071428574	138.55695766666668	-34.998668619047621	138.5570650952381
OTR Glandore	d9dceb996ada89794f956912675d80e4581d33f2	-35.05717507692308	138.6119481813187	-34.970823634615385	138.5728374423077
OTR Glandore	6e0130f9969f3b9fcd972fc6b05231945454d423	-34.972843813008133	138.51145235772358	-34.972548285714282	138.51171063492063
OTR Glandore	a961057221f6b02ae2861142857b38d3ef7e9738	-34.937564547368417	138.57069331578947	-34.963417963414635	138.56732012195121
OTR Glandore	f50e6884f830739cb36669d78dad9eb1256db418	-34.930456108910889	138.55070135643564	-34.930623652631581	138.55062286315788
OTR Glandore	08fc996a10e44ba04fc9aee4d35d662afe1e9c78	-34.995124589285716	138.5107766875	-34.994612075268819	138.51182401075269
OTR Glandore	75215fc93a7acfe7fd4b047cfa36eb9760083dbd	-34.937570569182391	138.56671513207547	-34.93756861032864	138.56667577464788
OTR Glandore	d135e426c2fe4ac11504f458a98c33c1ac4d254a	-35.019792848739499	138.52758670588236	-35.019747381443295	138.52761824742268
OTR Glandore	ee1fdb9cfe2c84e4b697f8cb585353aa014e31d2	-35.001781280701756	138.53348643421052	-35.001941000000002	138.53381982539682
OTR Glandore	d844e3a46a341e1566343b7358787218384ef415	-34.978129625668451	138.51185519251337	-35.016694000000001	138.54558679545454
OTR Glandore	e3fea9ed1907bc38a5d46fc595af8da990c0ffc7	-35.010019020000001	138.55379418000001	-34.911838869565216	138.59977147826086
OTR Glandore	61a0c8bf6075212b0c9afd2336b8aaa925a6d3c2				
OTR Glandore	1aa4253962ba95991a5591814aa34fc556290479	-34.925938074074075	138.59817811111111	-34.926516444444445	138.59798644444444
OTR Glandore	d63a91eda11ef27e52a678957a3f3ef3a3ef48f1	-34.790218019999998	138.71403093999999	-34.790855833333332	138.71405777777778
OTR Glandore	e374be447dcc08512e1deefde37a3c6d56d14947	-34.902165099999998	138.53796919999999	-34.896102399999997	138.534232
OTR Glandore	2ae51c4bffe20d4c4c1b34fcd3830c05636e6cd2	-34.893840015873018	138.62742195238096	-35.073753365384611	138.52636365384615
OTR Glandore	300504181fa6372fbbd90d1f6e17cb2530c17708	-34.830790834862384	138.63571847706422	-34.830821690476192	138.70275922619047
OTR Glandore	e480b04b743726552966b80b33d7012433fe74b0	-34.922478162921351	138.55035202808989	-34.909695911764707	138.55952725
OTR Glandore	a6f8085f3e0a0ab631cbb0dd30ec9fa8112c497a	-34.96793418556701	138.55023836907216	-34.967943966346155	138.55026925961539
OTR Glandore	5f3bc746091c5deee6ed0035fea2e1fcfb2f1ebe	-35.030622644067797	138.5266036101695	-35.030258655172418	138.52615417241378
OTR Glandore	1607f675148673a9012da391ee173a85d2214bf9	-34.968818500000005	138.59817150000001	-34.968889285714283	138.59812171428572
OTR Glandore	b819cd0fb27409c07791b91ceac821c2afd63dab	-34.976543395161293	138.53153417741936	-34.976288682352944	138.53232705882354
OTR Glandore	02ea0a7eb272059b9c58f2bb56f28082132d59eb	-34.964681892682925	138.56814205365853	-34.921359615384617	138.64976042857143
OTR Glandore	f192f2f10fd20afe5f9a0dceaceed352a19fa93c	-35.029093843589742	138.53829045641027	-35.029091206349207	138.53829473544974
OTR Glandore	8eacc48aa473d31334be842986029cfc55d3648a	-34.998462428571429	138.56313826050422	-34.942810914285715	138.5804611714286
OTR Glandore	43d7c94f64e750d78f992a38aac06bd752c29759	-34.934680904255316	138.55032356382978	-34.927932200000001	138.61022277500001
OTR Glandore	174ee963dd778520bf8699591f1a8d13bd9c2afb	-34.981096341772151	138.53216843037976	-34.971195915887847	138.53612493457945
OTR Glandore	8dabb49cacbee1b7da3f2bb9f83c2679eac54a14	-34.762571248226948	138.68055804964538	-34.76303276442308	138.68048480288462
OTR Glandore	327070b223f5088deb658596a67fba102ba8bd92	-35.012731698412701	138.53859641269841	-34.880698578947367	138.59954910526315
OTR Glandore	2da79e302693f3561afc52edaaea67e17471dfc4	-34.901296799999997	138.64128095151514	-34.886674174418602	138.64223172093023
OTR Glandore	177c13dee57aa19609ef9542b15429cb4169be40	-34.586295843750001	138.74378101562499	-34.749891785714283	138.67014553571428
OTR Glandore	41a9b2e05c26556000cca75b98a41fd06371b8cb	-34.9242864	138.63823340869564	-34.924276505154637	138.63818337113403
OTR Glandore	58d421c5669e13169f55e03d249728cdf46caf14	-34.982022388646286	138.5260121790393	-34.860381378947366	138.66736982105263
OTR Glandore	6de171374ad844d09e7d61ccdfd41f18ce544d12	-35.070688573170735	138.50426685365855	-35.070723405797104	138.50432539130435
OTR Glandore	c8d3bd6af2fda2bc26f334662ddc9ef9b5911c41	-34.975103062499997	138.67624813392857	-34.975102972972977	138.67615822972974
OTR Glandore	2da16fac35fd6b7ffb224c4b381069e8d59e5be8	-35.035712870967743	138.53363775268818	-35.036005515151516	138.53334339393939
OTR Glandore	ef9509e769cec174a36fa3f38c67ee40a9836ff2	-35.020893849557524	138.54671784070797	-35.020026066666667	138.54624581666667
OTR Glandore	8fddffc99ea9ee8eeaaeebc9b5a09e2979639c22	-34.881202054794521	138.66506420547947	-34.881200535714285	138.66507685714285
OTR Glandore	e2dd922c6000fdfa43d58d67f2b3d0f7cd2efc93	-35.025794930555556	138.54429097222223	-35.026145900000003	138.54506849999999
OTR Glandore	4912b0c3fb2a91a3f041db0bffb706f27efa384a	-35.023634016194329	138.53670762753038	-34.927496227544907	138.60078619760478
OTR Glandore	eebfbcb70f0d2b6cc05fba73f7b7e01dfa0cd3f0	-34.859027875000002	138.66389512500001	-34.857786555555556	138.66420475000001
OTR Glandore	e59a3c09a862b94be3406db6d6fe6e25c78fad01	-34.87159780882353	138.53954623529413	-34.920383999999999	138.63423062499999
OTR Glandore	c93a27ce52405af801ed0d2d8f263b0b4eb560ce	-34.972051666666665	138.58319325925925	-34.972072583333336	138.5832235
OTR Glandore	674d2485d8ab3f211e598141ab6e0f67f7890328	-34.929254665048546	138.49801421359223	-34.929194854077252	138.4980032746781
OTR Glandore	5a9b2c5edc25e81c80f32500f3e5d40afc02af59	-34.855697576923077	138.53423965384616	-34.855626410256413	138.53433007692308
OTR Glandore	405372ddcceb66d699ff25eb318fa1e2430d487d	-35.073052437956207	138.52278264233576	-34.931781034482761	138.59091649999999
OTR Glandore	f924188ced2ed21182f2dff5cd2d3305a2d7f932	-34.982713538461539	138.55353551794872	-34.902423648148151	138.57747213888888
OTR Glandore	d3bb97d8faff660bd39e9f94933b6aa76650ce03	-35.171181590909093	138.60083356060605	-35.171053489795916	138.60106922448981
OTR Glandore	127ff041acdcdfb144c3cfae08e4948fee0e5ae7	-35.30752913043478	138.45029507246377	-35.307373828125002	138.45022053125001
OTR Glandore	526399c9b4bad892e40615572cf2f6c8e498c72f	-34.965278838383838	138.51418894949495	-34.922944122448982	138.5005278367347
OTR Glandore	08557d2941ddcee583011aee5b981063ebce5f0d	-34.924888838709677	138.55069693145163	-34.92539370689655	138.55065913793104
OTR Glandore	cba7db94b75e38ea928fcc40f6fa3b160532d680	-34.935391732558138	138.60923267054264	-35.021857328859063	138.61636182550336
OTR Glandore	ed39ac4921fd8c62a410cc100734b9b7048f9823	-34.927366521739131	138.59279830434784	-34.991346624999998	138.54421005
OTR Glandore	231d2829e4101843679c87e3d59197a49f1a2501	-35.070416961538463	138.52297076923077	-35.071250662251657	138.52466889403973
OTR Glandore	d5743d8580a97c7bd0696f0382e184d3e768357e	-34.984659029100527	138.52287309259259	-34.984613191235056	138.52286959760957
OTR Glandore	cb25f4f9b8f1e314c4f405ec85aa82c2fca05f2e	-34.954630583072102	138.57116223197491	-34.954597157024793	138.57061358677686
OTR Glandore	5698ea784757afb218457d9253519448e49012b4	-35.018821010638298	138.53353174468086	-34.6098	138.75669381818182
OTR Glandore	9d2fe5759474598a749774f174cd31a444f9d2ca	-34.900543699152543	138.52775580084744	-34.829253999999999	138.67246204411765
OTR Glandore	fa6a61edd927f1f039f7a86d163c8b4fa75c351f	-35.003027701754384	138.53667258771929	-34.918519325842695	138.53768543820226
OTR Glandore	c26f293b79edf076f4102b3feb10e5eb7a7a1c52	-34.959099829787235	138.56020209574467	-34.958946758064513	138.56020220967741
OTR Glandore	f23074ccc175efef24573ed2c46b3fd9e08ff59b	-35.140451269617706	138.53849950704225	-34.957690040000003	138.57104113714286
OTR Glandore	b84888ec43efaabf0673a7a2c3ac04b991167dac	-34.990911803571429	138.54809357142858	-34.920025767441857	138.62259081395348
OTR Glandore	d22b11a207550186d7c67ac9a5a364c195ad617e	-35.07642774870466	138.78342987564767	-35.076117204081633	138.78371444897959
OTR Glandore	70c77688c3e34134213a5b14d2d0ce39ac6a7f25	-34.871825139240507	138.5404390506329	-34.871633055555556	138.5407162638889
OTR Glandore	56abe55110918b9ddc259a46af4ea1efb641524c	-35.16105377142857	138.47453501428572	-35.161431821428572	138.47430285714285
OTR Glandore	b963df241800bdea71390d218e1108cb584f35fc	-35.108391849999997	138.6310699	-35.108577479452052	138.63127608219179
OTR Glandore	a4b459f0e6b0e57116796d7ef144364d8b098ed3	-34.954781759643915	138.56708546884272	-34.93566878504673	138.59207976635514
OTR Glandore	e4d0fd02244a512649e9d8db51d058af154f7356	-35.049678383561641	138.51569030136986	-35.049570979166667	138.51565153125
OTR Glandore	82472f2fede134ec8143346c8c74a8a51bbe6c53	-34.992079108108108	138.54259916216216		
OTR Glandore	11dd887e644dbf139e5271ee1ffa33a585ec6067	-34.936986785714289	138.63343057142856	-34.937051181818184	138.63343590909091
OTR Glandore	eeb756c745e4100028202c29b08ccb672e8de2f4	-34.977694800000002	138.58635756666666	-34.977656857142854	138.58732547619047
OTR Glandore	18719bb5631d22c00703c6475844bea7c0290be7	-35.036121544827587	138.60516813103447	-35.036070120689658	138.60518253448276
OTR Glandore	94d2e1f1a99c526010e9e3cbe49752d0ba36beb2	-34.982509270676694	138.54639169924812	-34.941118754385968	138.58103642105263
OTR Glandore	c35e260122a4df6417430dc4e92ec1911f79a35d	-34.994131223684214	138.56150684210527	-34.994771441176468	138.56299555882353
OTR Glandore	780cfce05b5ce2cb9487e8d1593e2b827f82b961	-34.964207062827228	138.55794253403141	-34.964093137931037	138.55767704827585
OTR Glandore	02842ab9624a0acb46b60412a3c4c3609823716f	-34.964696009615388	138.5681081153846	-34.964631710937496	138.56822650000001
OTR Glandore	6b0494d7b5b395de5e5fc0b465ec9a28bb8fb926	-34.961445050420167	138.56261436974791	-34.961276140845072	138.56289298591548
OTR Glandore	23be1db95105e122699688ee8a513b2c2bcb95b3	-34.955213228571431	138.5707347	-34.955867687500003	138.56914231249999
OTR Glandore	f55a4564b7f85473c897d102fb3e81af9234b3cc				
OTR Glandore	ed9e6b9343753f392479928f53eba8e3de913ab1	-35.023921948424068	138.54490970773639	-34.923087538922154	138.57840854491019
OTR Glandore	b827145c6cb569f2696d4a48cc202d36e9a32b66	-34.923540815789472	138.60970214035089	-34.923625607843135	138.60974945098039
OTR Glandore	5c5338ed83e41f053a0dcf9df455e80cc6a0609e	-34.962304283018867	138.58281817789756	-34.962358956896551	138.58285354310345
OTR Glandore	f0bfa44089a770a385d0bce8afd16deba05e611b	-35.119826785529717	138.51249512144702	-35.119497775510204	138.51221526938775
OTR Glandore	208557f7e714efe96b90bddbddae1f97dc1da52d	-34.957691066666669	138.57654672000001	-34.928938706422016	138.59848206422018
OTR Glandore	2e23cbadf9a482cfcf32d7fa7dfe08e11a99de6b	-35.02874195918367	138.53673261224489	-35.217521120000001	138.54097192
OTR Glandore	f502d77d51b672cfb6b8f49d525ace36b9f8fdbd	-34.966730258389262	138.55915669463087	-34.966720622317595	138.55893596566523
OTR Glandore	e2bc3d565faa8d1116d5db0c776a6e04868cde97	-35.006116688524592	138.54721450819673	-34.974143017543859	138.5375846140351
OTR Glandore	32ca0eaa1ad279a498f09acfa4504719f8f1ffb9	-34.957158623595504	138.59583625842697	-34.957151260355026	138.59569073964497
OTR Glandore	a47dbfd0020b9141f3ccf047435c99e003a7d4cf	-35.003990157024795	138.56614943801654	-34.982118050847454	138.57025962711865
OTR Glandore	998d4f90e194c9024a4c24df12c1ee5e7014ae86	-34.923626967741939	138.59684487096774	-34.923588500000001	138.59679187500001
OTR Glandore	0c83c02fbaaadfa064adfd9265c7393c2a86bcc5	-34.856772941176473	138.4773390862745	-34.970070159722219	138.53615147916668
OTR Glandore	730d02dc0303831219bf899709f52f5daeb48497	-35.006112057971016	138.52465039130436	-35.006990875	138.52398260714284
OTR Glandore	f0ea51b404788b8daae530a3e524f45119688434	-34.976766316939887	138.55317713661202	-34.976774641509436	138.55321383962263
OTR Glandore	4574058ad42cc0b186cda305ac19e9ea34f0b8e6	-34.947335898989898	138.56969904040403	-34.947307036290326	138.56966530645161
OTR Glandore	60ce7aebdf76517727dce45ee3cdc9a0dc484f98	-34.876195297029703	138.51322120792079	-34.876258469999996	138.51313736
OTR Glandore	b469065474b85816a200ea3f2e725137eb80bf3a	-35.036100892857142	138.60540206249999	-35.03599907142857	138.60526060000001
OTR Glandore	7243e1ce70674e9cbeeb8bb0e4a0cae3a2ec984d	-34.974139600000001	138.52972	-34.974131666666665	138.5297222222222
OTR Glandore	75fddc78f1202c7fc98dd5a8e63b1e908918153c	-34.9837785625	138.531672375	-34.984433176470588	138.53121994117646
OTR Glandore	e1797d25495ca744ef0c198499d9317d33ccc2a5	-35.021498825000002	138.51841200999999	-34.923847854166667	138.60355176041668
OTR Glandore	e7a30c767380bf43ca3acf8025e0452e25ad56ff	-34.879440462686567	138.53795179104478	-34.954975434782611	138.56883076086956
OTR Glandore	203673e8b553d0266bf5db632784c1b88068b3b6	-35.006455616915424	138.5486900597015	-34.911855780487805	138.60026270731709
OTR Glandore	8adaa7066d8ffe597566a532a96b1bd4b14a27a1	-34.937799676056336	138.5623371971831	-34.937823645161288	138.56241777419353
OTR Glandore	f0f85ca9ee48809448cf8047c7396546cd4435db	-34.856708764044946	138.47744584269662	-34.856630838028167	138.47754566197182
OTR Glandore	ab9e687d6a53d441301f882715af0f2ac88f6744	-34.940092791666665	138.54931463888889	-34.939846683673473	138.54967158163265
OTR Glandore	4277d1cb031de5faad0810c7d35812f797816afb				
OTR Glandore	2673516abeb899cab72e1136091abacd31f6d58f	-34.993056081355931	138.54601930508474	-34.992962624999997	138.5461182236842
OTR Glandore	8e283c128773e50995a97c03bc74b99b5dbb667c	-34.982510442622953	138.55741131147542	-34.982588425287354	138.55929044827587
OTR Glandore	d68646d30c590d4596a48feabfb2f742801d672b	-34.95050130726257	138.58361130726257	-34.950487066666668	138.58361163333333
OTR Glandore	68853532545f6091d932c3038f7e3845a96d5512	-34.976317183856501	138.5305663497758	-34.927723454545458	138.60946893939393
OTR Glandore	35a15485ae28e72241e17a96f7ff9a57121b0230	-34.953389416666667	138.5685325	-35.01336366666667	138.74384518518519
OTR Glandore	060b4330cc7daef4e577618009976e55b0bfc1d3	-34.991687568965517	138.60219141379309	-34.991666312500001	138.60221203124999
OTR Glandore	6edec3baf6866cef16fa7aa77552cf7d3e15a39e	-34.982555677083333	138.54749577083334	-34.982310339999998	138.54766512
OTR Glandore	5761d15069353820cfa9c572841a4e37b512addd	-34.867357079617832	138.5405234968153	-34.855330573529415	138.50988886764705
OTR Glandore	a633d32896f93a784b329d8a60f2a55947c90f6b	-34.872660670000002	138.66406842000001	-34.875088463235294	138.60243727205884
OTR Glandore	b315ddd169c513d18c02821fe6f7db48f876cb4e	-34.975082953757223	138.54702062427745	-34.974100409638552	138.54605476506023
OTR Glandore	0c61acc2f9fa67817c262f5fe94114e7faa34f2c	-34.959386338709677	138.5745801048387	-34.959226812182742	138.57613808121826
OTR Glandore	56937a8de6cba96325aefe015569d8419826adcc	-34.954671699999999	138.570939025	-34.9546505	138.571044
OTR Glandore	e05d4df7feb4206f01d7226d5fffd02c251e3c90	-35.018760666666665	138.54593677611942	-34.934535510416666	138.59800311458332
OTR Glandore	37ce6602be354d267509809e897e9cc0b4c08470	-34.983538210242585	138.53353747978437	-34.983566793750001	138.53315964999999
OTR Glandore	1fef93daae69fce34afae0fe79e0465d63049bb5				
OTR Glandore	ae626403a36ca8dcfec23fbe866f61b80b5be16f	-34.860004448275859	138.51589022413793	-34.860092037037035	138.51598822222223
OTR Glandore	877b34b7bf113f4b134913774ae239a13d544074	-34.891354552000003	138.588694936	-34.891829342465755	138.58885998630137
OTR Glandore	5d7510945bd1231b42bba9547042902ada35cf1c	-35.021497192307692	138.52618376923078	-34.983543866071429	138.5149453125
OTR Glandore	85d5d6a441c8790861268fd8a8f45f8e412745a3	-35.00992784615385	138.54553976923077	-34.984027693181815	138.52205137499999
OTR Glandore	1919c9f11e6980f305e2a25b59bf84fb9320e866	-34.885156754189943	138.63632401117317	-34.884937602272728	138.63625695454544
OTR Glandore	af55384ca02566eabb2a14e5cca4a5f6542fa5f7	-34.951751874999999	138.57043956250001		
OTR Glandore	d93ea9d487c3e2d01055744b62b9ac2c5bfa2a39			-34.947387452380951	138.55470045238096
OTR Glandore	5e7b253ab78d2ab1d9b69b82926b51971673cae9	-34.960212062992127	138.55946876377953	-34.960095419580419	138.55962467132866
